N,Scenario,SV_an,SV_des,SV_diff_%,GO_an_steady,GO_an_burst,GO_an_window,GO_des,GO_diff_%,SV_PLR_an,SV_PLR_des
1,base,29.9185,29.0447,3.0085,34.8471,63.1662,51.8658,49.8485,4.0469,0.0000,0.0000
2,base,30.2723,31.3001,-3.2837,35.0227,66.4138,53.8875,48.7004,10.6511,0.0000,0.0000
3,base,30.7367,31.5277,-2.5089,35.1982,69.6644,55.9111,51.3593,8.8626,0.0000,0.0000
4,base,31.3670,31.6975,-1.0426,35.3738,72.9181,57.9365,55.2642,4.8354,0.0000,0.0000
5,base,32.2576,31.3140,3.0134,35.5494,76.1749,59.9637,58.5459,2.4218,0.0000,0.0000
6,base,36.6467,35.4639,3.3351,37.7166,81.4504,63.9989,60.0085,6.6498,0.0000,0.0000
7,base,39.5235,39.4246,0.2510,38.2772,85.1146,66.4247,62.9086,5.5892,0.0000,0.0000
8,base,45071.7189,43824.3990,2.8462,38.1557,88.0792,68.1578,65.7735,3.6250,0.0000,0.0000
9,base,92225.0210,88905.3570,3.7339,38.6601,91.6959,70.5326,64.5236,9.3128,3.5008,3.5916
10,base,98525.5910,94417.2931,4.3512,38.5949,94.7234,72.3260,64.7415,11.7150,6.4840,6.6205
