N_Bays,Scenario,SV_flows,SV_mean_us,SV_max_us,SV_PLR_pct,GOOSE_flows,GOOSE_mean_us,GOOSE_max_us,Replications,Source
1,base,6.0000,29.0447,71.0879,0.0000,10.0000,49.8485,81.6000,1,CASO1BAHIA\Results_wire\KPIs_PB.xlsx
2,base,12.0000,31.3001,101.7659,0.0000,18.0000,48.7004,97.2800,1,CASO2BAHIAS\Results_wire\KPIs_PB.xlsx
3,base,18.0000,31.5277,140.5382,0.0000,28.0000,51.3593,118.9739,1,CASO3BAHIAS\Results_wire\KPIs_PB.xlsx
4,base,24.0000,31.6975,171.0030,0.0000,38.0000,55.2642,156.4667,1,CASO4BAHIAS\Results_wire\KPIs_PB.xlsx
5,base,30.0000,31.3140,215.0830,0.0000,48.0000,58.5459,182.9467,1,CASO5BAHIAS\Results_wire\KPIs_PB.xlsx
6,base,36.0000,35.4639,322.9495,0.0000,58.0000,60.0085,222.8000,1,CASO6BAHIAS\Results_wire\KPIs_PB.xlsx
7,base,42.0000,39.4246,430.0565,0.0000,68.0000,62.9086,293.9200,6,mean of 6 replications
8,base,48.0000,43824.3990,262467.9527,0.0000,78.0000,65.7735,287.5333,6,mean of 6 replications
9,base,54.0000,88905.3570,321702.2879,3.5916,88.0000,64.5236,331.6493,1,CASO9BAHIAS\Results_wire\KPIs_PB.xlsx
10,base,60.0000,94417.2931,321706.2703,6.6205,98.0000,64.7415,349.8728,1,CASO10BAHIAS\Results_wire\KPIs_PB.xlsx
