,NC_panco_us,NC_panco_TFA_us,NC_panco_SFA_us,NC_panco_PLP_us,NC_hop_by_hop_us,DES_max_us,DES_mean_us,Proposed_mean_us,NC_over_DES_max,Hop_by_hop_over_panco
1,222.57,241.92,238.87,222.57,253.04,71.09,29.04,29.92,3.13,1.14
2,332.21,358.71,381.32,332.21,388.23,101.77,31.30,30.27,3.26,1.17
3,443.55,487.67,540.41,443.55,537.04,140.54,31.53,30.74,3.16,1.21
4,565.12,650.44,717.51,565.12,699.94,171.00,31.70,31.37,3.30,1.24
5,692.71,842.77,915.35,692.71,877.40,215.08,31.31,32.26,3.22,1.27
6,1449.39,1752.86,1994.68,1449.39,2476.21,322.95,35.46,36.65,4.49,1.71
7,2013.19,2394.37,2794.60,2013.19,3412.51,430.06,39.42,39.52,4.68,1.70
8,inf,inf,inf,inf,inf,262467.95,43824.40,45071.72,inf,
9,inf,inf,inf,inf,inf,321702.29,88905.36,92225.02,inf,
10,inf,inf,inf,inf,inf,321706.27,94417.29,98525.59,inf,
