N_Bays,Port,C_Mbps,BF_Mbps,Rho_steady,Rho_single,Rho_all,Streams,Scenario
1,L5_OutPort_BBP,100.000000,12.984656,0.129847,0.137456,0.137456,2,base
1,L5_OutPort_SMC,100.000000,0.012808,0.000128,0.004092,0.004092,2,base
2,L5_OutPort_BBP,100.000000,25.966912,0.259669,0.267279,0.274888,2,base
2,L5_OutPort_SMC,100.000000,0.021624,0.000216,0.004180,0.004180,2,base
3,L5_OutPort_BBP,100.000000,38.949168,0.389492,0.397101,0.412320,2,base
3,L5_OutPort_SMC,100.000000,0.030440,0.000304,0.004268,0.004268,2,base
4,L5_OutPort_BBP,100.000000,51.931424,0.519314,0.526924,0.549752,2,base
4,L5_OutPort_SMC,100.000000,0.039256,0.000393,0.004357,0.004357,2,base
5,L5_OutPort_BBP,100.000000,64.913680,0.649137,0.656746,0.687184,2,base
5,L5_OutPort_SMC,100.000000,0.048072,0.000481,0.004445,0.004445,2,base
6,L5_OutPort_BBP,100.000000,77.895936,0.778959,0.786569,0.824616,2,base
6,L5_OutPort_SMC,100.000000,0.056888,0.000569,0.004533,0.004533,2,base
6,L4_Trunk_SW1_to_SW2,100.000000,0.058992,0.000590,0.048159,0.048159,2,base
6,L4_Trunk_SW2_to_SW1,100.000000,38.973216,0.389732,0.397342,0.412560,2,base
7,L5_OutPort_BBP,100.000000,90.878192,0.908782,0.916391,0.962048,2,base
7,L5_OutPort_SMC,100.000000,0.065704,0.000657,0.004621,0.004621,2,base
7,L4_Trunk_SW1_to_SW2,100.000000,0.078656,0.000787,0.064212,0.064212,2,base
7,L4_Trunk_SW2_to_SW1,100.000000,51.964288,0.519643,0.527252,0.550081,2,base
8,L5_OutPort_BBP,100.000000,103.860448,1.038604,1.046214,1.099480,2,base
8,L5_OutPort_SMC,100.000000,0.074520,0.000745,0.004709,0.004709,2,base
8,L4_Trunk_SW1_to_SW2,100.000000,0.078656,0.000787,0.064212,0.064212,2,base
8,L4_Trunk_SW2_to_SW1,100.000000,51.964288,0.519643,0.527252,0.550081,2,base
9,L5_OutPort_BBP,100.000000,116.842704,1.168427,1.176036,1.236912,2,base
9,L5_OutPort_SMC,100.000000,0.083336,0.000833,0.004797,0.004797,2,base
9,L4_Trunk_SW1_to_SW2,100.000000,0.098320,0.000983,0.080265,0.080265,2,base
9,L4_Trunk_SW2_to_SW1,100.000000,64.955360,0.649554,0.657163,0.687601,2,base
10,L5_OutPort_BBP,100.000000,129.824960,1.298250,1.305859,1.374344,2,base
10,L5_OutPort_SMC,100.000000,0.092152,0.000922,0.004886,0.004886,2,base
10,L4_Trunk_SW1_to_SW2,100.000000,0.098320,0.000983,0.080265,0.080265,2,base
10,L4_Trunk_SW2_to_SW1,100.000000,64.955360,0.649554,0.657163,0.687601,2,base
11,L5_OutPort_BBP,100.000000,142.807216,1.428072,1.435682,1.511776,2,base
11,L5_OutPort_SMC,100.000000,0.100968,0.001010,0.004974,0.004974,2,base
11,L4_Trunk_SW1_to_SW2,100.000000,0.117984,0.001180,0.096318,0.096318,2,base
11,L4_Trunk_SW2_to_SW1,100.000000,77.946432,0.779464,0.787074,0.825121,2,base
12,L5_OutPort_BBP,100.000000,155.789472,1.557895,1.565504,1.649208,2,base
12,L5_OutPort_SMC,100.000000,0.109784,0.001098,0.005062,0.005062,2,base
12,L4_Trunk_SW1_to_SW2,100.000000,0.117984,0.001180,0.096318,0.096318,2,base
12,L4_Trunk_SW2_to_SW1,100.000000,77.946432,0.779464,0.787074,0.825121,2,base
13,L5_OutPort_BBP,100.000000,168.771728,1.687717,1.695327,1.786640,2,base
13,L5_OutPort_SMC,100.000000,0.118600,0.001186,0.005150,0.005150,2,base
13,L4_Trunk_SW1_to_SW2,100.000000,0.137648,0.001376,0.112371,0.112371,2,base
13,L4_Trunk_SW2_to_SW1,100.000000,90.937504,0.909375,0.916984,0.962641,2,base
14,L5_OutPort_BBP,100.000000,181.753984,1.817540,1.825149,1.924072,2,base
14,L5_OutPort_SMC,100.000000,0.127416,0.001274,0.005238,0.005238,2,base
14,L4_Trunk_SW1_to_SW2,100.000000,0.137648,0.001376,0.112371,0.112371,2,base
14,L4_Trunk_SW2_to_SW1,100.000000,90.937504,0.909375,0.916984,0.962641,2,base
15,L5_OutPort_BBP,100.000000,194.736240,1.947362,1.954972,2.061504,2,base
15,L5_OutPort_SMC,100.000000,0.136232,0.001362,0.005326,0.005326,2,base
15,L4_Trunk_SW1_to_SW2,100.000000,0.157312,0.001573,0.128424,0.128424,2,base
15,L4_Trunk_SW2_to_SW1,100.000000,103.928576,1.039286,1.046895,1.100161,2,base
16,L5_OutPort_BBP,100.000000,207.718496,2.077185,2.084794,2.198936,2,base
16,L5_OutPort_SMC,100.000000,0.145048,0.001450,0.005415,0.005415,2,base
16,L4_Trunk_SW1_to_SW2,100.000000,0.157312,0.001573,0.128424,0.128424,2,base
16,L4_Trunk_SW2_to_SW1,100.000000,103.928576,1.039286,1.046895,1.100161,2,base
17,L5_OutPort_BBP,100.000000,220.700752,2.207008,2.214617,2.336368,2,base
17,L5_OutPort_SMC,100.000000,0.153864,0.001539,0.005503,0.005503,2,base
17,L4_Trunk_SW1_to_SW2,100.000000,0.176976,0.001770,0.144477,0.144477,2,base
17,L4_Trunk_SW2_to_SW1,100.000000,116.919648,1.169196,1.176806,1.237681,2,base
18,L5_OutPort_BBP,100.000000,233.683008,2.336830,2.344440,2.473800,2,base
18,L5_OutPort_SMC,100.000000,0.162680,0.001627,0.005591,0.005591,2,base
18,L4_Trunk_SW1_to_SW2,100.000000,0.176976,0.001770,0.144477,0.144477,2,base
18,L4_Trunk_SW2_to_SW1,100.000000,116.919648,1.169196,1.176806,1.237681,2,base
19,L5_OutPort_BBP,100.000000,246.665264,2.466653,2.474262,2.611232,2,base
19,L5_OutPort_SMC,100.000000,0.171496,0.001715,0.005679,0.005679,2,base
19,L4_Trunk_SW1_to_SW2,100.000000,0.196640,0.001966,0.160530,0.160530,2,base
19,L4_Trunk_SW2_to_SW1,100.000000,129.910720,1.299107,1.306717,1.375202,2,base
20,L5_OutPort_BBP,100.000000,259.647520,2.596475,2.604085,2.748664,2,base
20,L5_OutPort_SMC,100.000000,0.180312,0.001803,0.005767,0.005767,2,base
20,L4_Trunk_SW1_to_SW2,100.000000,0.196640,0.001966,0.160530,0.160530,2,base
20,L4_Trunk_SW2_to_SW1,100.000000,129.910720,1.299107,1.306717,1.375202,2,base
21,L5_OutPort_BBP,100.000000,272.629776,2.726298,2.733907,2.886096,2,base
21,L5_OutPort_SMC,100.000000,0.189128,0.001891,0.005855,0.005855,2,base
21,L4_Trunk_SW1_to_SW2,100.000000,0.216304,0.002163,0.176583,0.176583,2,base
21,L4_Trunk_SW2_to_SW1,100.000000,142.901792,1.429018,1.436627,1.512722,2,base
22,L5_OutPort_BBP,100.000000,285.612032,2.856120,2.863730,3.023528,2,base
22,L5_OutPort_SMC,100.000000,0.197944,0.001979,0.005944,0.005944,2,base
22,L4_Trunk_SW1_to_SW2,100.000000,0.216304,0.002163,0.176583,0.176583,2,base
22,L4_Trunk_SW2_to_SW1,100.000000,142.901792,1.429018,1.436627,1.512722,2,base
23,L5_OutPort_BBP,100.000000,298.594288,2.985943,2.993552,3.160960,2,base
23,L5_OutPort_SMC,100.000000,0.206760,0.002068,0.006032,0.006032,2,base
23,L4_Trunk_SW1_to_SW2,100.000000,0.235968,0.002360,0.192636,0.192636,2,base
23,L4_Trunk_SW2_to_SW1,100.000000,155.892864,1.558929,1.566538,1.650242,2,base
24,L5_OutPort_BBP,100.000000,311.576544,3.115765,3.123375,3.298392,2,base
24,L5_OutPort_SMC,100.000000,0.215576,0.002156,0.006120,0.006120,2,base
24,L4_Trunk_SW1_to_SW2,100.000000,0.235968,0.002360,0.192636,0.192636,2,base
24,L4_Trunk_SW2_to_SW1,100.000000,155.892864,1.558929,1.566538,1.650242,2,base
25,L5_OutPort_BBP,100.000000,324.558800,3.245588,3.253197,3.435824,2,base
25,L5_OutPort_SMC,100.000000,0.224392,0.002244,0.006208,0.006208,2,base
25,L4_Trunk_SW1_to_SW2,100.000000,0.255632,0.002556,0.208688,0.208688,2,base
25,L4_Trunk_SW2_to_SW1,100.000000,168.883936,1.688839,1.696449,1.787762,2,base
26,L5_OutPort_BBP,100.000000,337.541056,3.375411,3.383020,3.573256,2,base
26,L5_OutPort_SMC,100.000000,0.233208,0.002332,0.006296,0.006296,2,base
26,L4_Trunk_SW1_to_SW2,100.000000,0.255632,0.002556,0.208688,0.208688,2,base
26,L4_Trunk_SW2_to_SW1,100.000000,168.883936,1.688839,1.696449,1.787762,2,base
27,L5_OutPort_BBP,100.000000,350.523312,3.505233,3.512843,3.710688,2,base
27,L5_OutPort_SMC,100.000000,0.242024,0.002420,0.006384,0.006384,2,base
27,L4_Trunk_SW1_to_SW2,100.000000,0.275296,0.002753,0.224741,0.224741,2,base
27,L4_Trunk_SW2_to_SW1,100.000000,181.875008,1.818750,1.826360,1.925282,2,base
28,L5_OutPort_BBP,100.000000,363.505568,3.635056,3.642665,3.848120,2,base
28,L5_OutPort_SMC,100.000000,0.250840,0.002508,0.006472,0.006472,2,base
28,L4_Trunk_SW1_to_SW2,100.000000,0.275296,0.002753,0.224741,0.224741,2,base
28,L4_Trunk_SW2_to_SW1,100.000000,181.875008,1.818750,1.826360,1.925282,2,base
29,L5_OutPort_BBP,100.000000,376.487824,3.764878,3.772488,3.985552,2,base
29,L5_OutPort_SMC,100.000000,0.259656,0.002597,0.006561,0.006561,2,base
29,L4_Trunk_SW1_to_SW2,100.000000,0.294960,0.002950,0.240794,0.240794,2,base
29,L4_Trunk_SW2_to_SW1,100.000000,194.866080,1.948661,1.956270,2.062802,2,base
30,L5_OutPort_BBP,100.000000,389.470080,3.894701,3.902310,4.122984,2,base
30,L5_OutPort_SMC,100.000000,0.268472,0.002685,0.006649,0.006649,2,base
30,L4_Trunk_SW1_to_SW2,100.000000,0.294960,0.002950,0.240794,0.240794,2,base
30,L4_Trunk_SW2_to_SW1,100.000000,194.866080,1.948661,1.956270,2.062802,2,base
1,L5_OutPort_BBP,100.000000,25.963856,0.259639,0.267248,0.267248,4,base
1,L5_OutPort_SMC,100.000000,0.012808,0.000128,0.004092,0.004092,4,base
2,L5_OutPort_BBP,100.000000,51.925312,0.519253,0.526863,0.534472,4,base
2,L5_OutPort_SMC,100.000000,0.021624,0.000216,0.004180,0.004180,4,base
3,L5_OutPort_BBP,100.000000,77.886768,0.778868,0.786477,0.801696,4,base
3,L5_OutPort_SMC,100.000000,0.030440,0.000304,0.004268,0.004268,4,base
4,L5_OutPort_BBP,100.000000,103.848224,1.038482,1.046092,1.068920,4,base
4,L5_OutPort_SMC,100.000000,0.039256,0.000393,0.004357,0.004357,4,base
5,L5_OutPort_BBP,100.000000,129.809680,1.298097,1.305706,1.336144,4,base
5,L5_OutPort_SMC,100.000000,0.048072,0.000481,0.004445,0.004445,4,base
6,L5_OutPort_BBP,100.000000,155.771136,1.557711,1.565321,1.603368,4,base
6,L5_OutPort_SMC,100.000000,0.056888,0.000569,0.004533,0.004533,4,base
6,L4_Trunk_SW1_to_SW2,100.000000,0.058992,0.000590,0.048159,0.048159,4,base
6,L4_Trunk_SW2_to_SW1,100.000000,77.910816,0.779108,0.786718,0.801936,4,base
7,L5_OutPort_BBP,100.000000,181.732592,1.817326,1.824935,1.870592,4,base
7,L5_OutPort_SMC,100.000000,0.065704,0.000657,0.004621,0.004621,4,base
7,L4_Trunk_SW1_to_SW2,100.000000,0.078656,0.000787,0.064212,0.064212,4,base
7,L4_Trunk_SW2_to_SW1,100.000000,103.881088,1.038811,1.046420,1.069249,4,base
8,L5_OutPort_BBP,100.000000,207.694048,2.076940,2.084550,2.137816,4,base
8,L5_OutPort_SMC,100.000000,0.074520,0.000745,0.004709,0.004709,4,base
8,L4_Trunk_SW1_to_SW2,100.000000,0.078656,0.000787,0.064212,0.064212,4,base
8,L4_Trunk_SW2_to_SW1,100.000000,103.881088,1.038811,1.046420,1.069249,4,base
9,L5_OutPort_BBP,100.000000,233.655504,2.336555,2.344164,2.405040,4,base
9,L5_OutPort_SMC,100.000000,0.083336,0.000833,0.004797,0.004797,4,base
9,L4_Trunk_SW1_to_SW2,100.000000,0.098320,0.000983,0.080265,0.080265,4,base
9,L4_Trunk_SW2_to_SW1,100.000000,129.851360,1.298514,1.306123,1.336561,4,base
10,L5_OutPort_BBP,100.000000,259.616960,2.596170,2.603779,2.672264,4,base
10,L5_OutPort_SMC,100.000000,0.092152,0.000922,0.004886,0.004886,4,base
10,L4_Trunk_SW1_to_SW2,100.000000,0.098320,0.000983,0.080265,0.080265,4,base
10,L4_Trunk_SW2_to_SW1,100.000000,129.851360,1.298514,1.306123,1.336561,4,base
11,L5_OutPort_BBP,100.000000,285.578416,2.855784,2.863394,2.939488,4,base
11,L5_OutPort_SMC,100.000000,0.100968,0.001010,0.004974,0.004974,4,base
11,L4_Trunk_SW1_to_SW2,100.000000,0.117984,0.001180,0.096318,0.096318,4,base
11,L4_Trunk_SW2_to_SW1,100.000000,155.821632,1.558216,1.565826,1.603873,4,base
12,L5_OutPort_BBP,100.000000,311.539872,3.115399,3.123008,3.206712,4,base
12,L5_OutPort_SMC,100.000000,0.109784,0.001098,0.005062,0.005062,4,base
12,L4_Trunk_SW1_to_SW2,100.000000,0.117984,0.001180,0.096318,0.096318,4,base
12,L4_Trunk_SW2_to_SW1,100.000000,155.821632,1.558216,1.565826,1.603873,4,base
13,L5_OutPort_BBP,100.000000,337.501328,3.375013,3.382623,3.473936,4,base
13,L5_OutPort_SMC,100.000000,0.118600,0.001186,0.005150,0.005150,4,base
13,L4_Trunk_SW1_to_SW2,100.000000,0.137648,0.001376,0.112371,0.112371,4,base
13,L4_Trunk_SW2_to_SW1,100.000000,181.791904,1.817919,1.825528,1.871185,4,base
14,L5_OutPort_BBP,100.000000,363.462784,3.634628,3.642237,3.741160,4,base
14,L5_OutPort_SMC,100.000000,0.127416,0.001274,0.005238,0.005238,4,base
14,L4_Trunk_SW1_to_SW2,100.000000,0.137648,0.001376,0.112371,0.112371,4,base
14,L4_Trunk_SW2_to_SW1,100.000000,181.791904,1.817919,1.825528,1.871185,4,base
15,L5_OutPort_BBP,100.000000,389.424240,3.894242,3.901852,4.008384,4,base
15,L5_OutPort_SMC,100.000000,0.136232,0.001362,0.005326,0.005326,4,base
15,L4_Trunk_SW1_to_SW2,100.000000,0.157312,0.001573,0.128424,0.128424,4,base
15,L4_Trunk_SW2_to_SW1,100.000000,207.762176,2.077622,2.085231,2.138497,4,base
16,L5_OutPort_BBP,100.000000,415.385696,4.153857,4.161466,4.275608,4,base
16,L5_OutPort_SMC,100.000000,0.145048,0.001450,0.005415,0.005415,4,base
16,L4_Trunk_SW1_to_SW2,100.000000,0.157312,0.001573,0.128424,0.128424,4,base
16,L4_Trunk_SW2_to_SW1,100.000000,207.762176,2.077622,2.085231,2.138497,4,base
17,L5_OutPort_BBP,100.000000,441.347152,4.413472,4.421081,4.542832,4,base
17,L5_OutPort_SMC,100.000000,0.153864,0.001539,0.005503,0.005503,4,base
17,L4_Trunk_SW1_to_SW2,100.000000,0.176976,0.001770,0.144477,0.144477,4,base
17,L4_Trunk_SW2_to_SW1,100.000000,233.732448,2.337324,2.344934,2.405809,4,base
18,L5_OutPort_BBP,100.000000,467.308608,4.673086,4.680696,4.810056,4,base
18,L5_OutPort_SMC,100.000000,0.162680,0.001627,0.005591,0.005591,4,base
18,L4_Trunk_SW1_to_SW2,100.000000,0.176976,0.001770,0.144477,0.144477,4,base
18,L4_Trunk_SW2_to_SW1,100.000000,233.732448,2.337324,2.344934,2.405809,4,base
19,L5_OutPort_BBP,100.000000,493.270064,4.932701,4.940310,5.077280,4,base
19,L5_OutPort_SMC,100.000000,0.171496,0.001715,0.005679,0.005679,4,base
19,L4_Trunk_SW1_to_SW2,100.000000,0.196640,0.001966,0.160530,0.160530,4,base
19,L4_Trunk_SW2_to_SW1,100.000000,259.702720,2.597027,2.604637,2.673122,4,base
20,L5_OutPort_BBP,100.000000,519.231520,5.192315,5.199925,5.344504,4,base
20,L5_OutPort_SMC,100.000000,0.180312,0.001803,0.005767,0.005767,4,base
20,L4_Trunk_SW1_to_SW2,100.000000,0.196640,0.001966,0.160530,0.160530,4,base
20,L4_Trunk_SW2_to_SW1,100.000000,259.702720,2.597027,2.604637,2.673122,4,base
21,L5_OutPort_BBP,100.000000,545.192976,5.451930,5.459539,5.611728,4,base
21,L5_OutPort_SMC,100.000000,0.189128,0.001891,0.005855,0.005855,4,base
21,L4_Trunk_SW1_to_SW2,100.000000,0.216304,0.002163,0.176583,0.176583,4,base
21,L4_Trunk_SW2_to_SW1,100.000000,285.672992,2.856730,2.864339,2.940434,4,base
22,L5_OutPort_BBP,100.000000,571.154432,5.711544,5.719154,5.878952,4,base
22,L5_OutPort_SMC,100.000000,0.197944,0.001979,0.005944,0.005944,4,base
22,L4_Trunk_SW1_to_SW2,100.000000,0.216304,0.002163,0.176583,0.176583,4,base
22,L4_Trunk_SW2_to_SW1,100.000000,285.672992,2.856730,2.864339,2.940434,4,base
23,L5_OutPort_BBP,100.000000,597.115888,5.971159,5.978768,6.146176,4,base
23,L5_OutPort_SMC,100.000000,0.206760,0.002068,0.006032,0.006032,4,base
23,L4_Trunk_SW1_to_SW2,100.000000,0.235968,0.002360,0.192636,0.192636,4,base
23,L4_Trunk_SW2_to_SW1,100.000000,311.643264,3.116433,3.124042,3.207746,4,base
24,L5_OutPort_BBP,100.000000,623.077344,6.230773,6.238383,6.413400,4,base
24,L5_OutPort_SMC,100.000000,0.215576,0.002156,0.006120,0.006120,4,base
24,L4_Trunk_SW1_to_SW2,100.000000,0.235968,0.002360,0.192636,0.192636,4,base
24,L4_Trunk_SW2_to_SW1,100.000000,311.643264,3.116433,3.124042,3.207746,4,base
25,L5_OutPort_BBP,100.000000,649.038800,6.490388,6.497997,6.680624,4,base
25,L5_OutPort_SMC,100.000000,0.224392,0.002244,0.006208,0.006208,4,base
25,L4_Trunk_SW1_to_SW2,100.000000,0.255632,0.002556,0.208688,0.208688,4,base
25,L4_Trunk_SW2_to_SW1,100.000000,337.613536,3.376135,3.383745,3.475058,4,base
26,L5_OutPort_BBP,100.000000,675.000256,6.750003,6.757612,6.947848,4,base
26,L5_OutPort_SMC,100.000000,0.233208,0.002332,0.006296,0.006296,4,base
26,L4_Trunk_SW1_to_SW2,100.000000,0.255632,0.002556,0.208688,0.208688,4,base
26,L4_Trunk_SW2_to_SW1,100.000000,337.613536,3.376135,3.383745,3.475058,4,base
27,L5_OutPort_BBP,100.000000,700.961712,7.009617,7.017227,7.215072,4,base
27,L5_OutPort_SMC,100.000000,0.242024,0.002420,0.006384,0.006384,4,base
27,L4_Trunk_SW1_to_SW2,100.000000,0.275296,0.002753,0.224741,0.224741,4,base
27,L4_Trunk_SW2_to_SW1,100.000000,363.583808,3.635838,3.643448,3.742370,4,base
28,L5_OutPort_BBP,100.000000,726.923168,7.269232,7.276841,7.482296,4,base
28,L5_OutPort_SMC,100.000000,0.250840,0.002508,0.006472,0.006472,4,base
28,L4_Trunk_SW1_to_SW2,100.000000,0.275296,0.002753,0.224741,0.224741,4,base
28,L4_Trunk_SW2_to_SW1,100.000000,363.583808,3.635838,3.643448,3.742370,4,base
29,L5_OutPort_BBP,100.000000,752.884624,7.528846,7.536456,7.749520,4,base
29,L5_OutPort_SMC,100.000000,0.259656,0.002597,0.006561,0.006561,4,base
29,L4_Trunk_SW1_to_SW2,100.000000,0.294960,0.002950,0.240794,0.240794,4,base
29,L4_Trunk_SW2_to_SW1,100.000000,389.554080,3.895541,3.903150,4.009682,4,base
30,L5_OutPort_BBP,100.000000,778.846080,7.788461,7.796070,8.016744,4,base
30,L5_OutPort_SMC,100.000000,0.268472,0.002685,0.006649,0.006649,4,base
30,L4_Trunk_SW1_to_SW2,100.000000,0.294960,0.002950,0.240794,0.240794,4,base
30,L4_Trunk_SW2_to_SW1,100.000000,389.554080,3.895541,3.903150,4.009682,4,base
1,L5_OutPort_BBP,1000.000000,25.963856,0.025964,0.026725,0.026725,4,bbp_only
1,L5_OutPort_SMC,100.000000,0.012808,0.000128,0.004092,0.004092,4,bbp_only
2,L5_OutPort_BBP,1000.000000,51.925312,0.051925,0.052686,0.053447,4,bbp_only
2,L5_OutPort_SMC,100.000000,0.021624,0.000216,0.004180,0.004180,4,bbp_only
3,L5_OutPort_BBP,1000.000000,77.886768,0.077887,0.078648,0.080170,4,bbp_only
3,L5_OutPort_SMC,100.000000,0.030440,0.000304,0.004268,0.004268,4,bbp_only
4,L5_OutPort_BBP,1000.000000,103.848224,0.103848,0.104609,0.106892,4,bbp_only
4,L5_OutPort_SMC,100.000000,0.039256,0.000393,0.004357,0.004357,4,bbp_only
5,L5_OutPort_BBP,1000.000000,129.809680,0.129810,0.130571,0.133614,4,bbp_only
5,L5_OutPort_SMC,100.000000,0.048072,0.000481,0.004445,0.004445,4,bbp_only
6,L5_OutPort_BBP,1000.000000,155.771136,0.155771,0.156532,0.160337,4,bbp_only
6,L5_OutPort_SMC,100.000000,0.056888,0.000569,0.004533,0.004533,4,bbp_only
6,L4_Trunk_SW1_to_SW2,100.000000,0.058992,0.000590,0.048159,0.048159,4,bbp_only
6,L4_Trunk_SW2_to_SW1,100.000000,77.910816,0.779108,0.786718,0.801936,4,bbp_only
7,L5_OutPort_BBP,1000.000000,181.732592,0.181733,0.182494,0.187059,4,bbp_only
7,L5_OutPort_SMC,100.000000,0.065704,0.000657,0.004621,0.004621,4,bbp_only
7,L4_Trunk_SW1_to_SW2,100.000000,0.078656,0.000787,0.064212,0.064212,4,bbp_only
7,L4_Trunk_SW2_to_SW1,100.000000,103.881088,1.038811,1.046420,1.069249,4,bbp_only
8,L5_OutPort_BBP,1000.000000,207.694048,0.207694,0.208455,0.213782,4,bbp_only
8,L5_OutPort_SMC,100.000000,0.074520,0.000745,0.004709,0.004709,4,bbp_only
8,L4_Trunk_SW1_to_SW2,100.000000,0.078656,0.000787,0.064212,0.064212,4,bbp_only
8,L4_Trunk_SW2_to_SW1,100.000000,103.881088,1.038811,1.046420,1.069249,4,bbp_only
9,L5_OutPort_BBP,1000.000000,233.655504,0.233656,0.234416,0.240504,4,bbp_only
9,L5_OutPort_SMC,100.000000,0.083336,0.000833,0.004797,0.004797,4,bbp_only
9,L4_Trunk_SW1_to_SW2,100.000000,0.098320,0.000983,0.080265,0.080265,4,bbp_only
9,L4_Trunk_SW2_to_SW1,100.000000,129.851360,1.298514,1.306123,1.336561,4,bbp_only
10,L5_OutPort_BBP,1000.000000,259.616960,0.259617,0.260378,0.267226,4,bbp_only
10,L5_OutPort_SMC,100.000000,0.092152,0.000922,0.004886,0.004886,4,bbp_only
10,L4_Trunk_SW1_to_SW2,100.000000,0.098320,0.000983,0.080265,0.080265,4,bbp_only
10,L4_Trunk_SW2_to_SW1,100.000000,129.851360,1.298514,1.306123,1.336561,4,bbp_only
11,L5_OutPort_BBP,1000.000000,285.578416,0.285578,0.286339,0.293949,4,bbp_only
11,L5_OutPort_SMC,100.000000,0.100968,0.001010,0.004974,0.004974,4,bbp_only
11,L4_Trunk_SW1_to_SW2,100.000000,0.117984,0.001180,0.096318,0.096318,4,bbp_only
11,L4_Trunk_SW2_to_SW1,100.000000,155.821632,1.558216,1.565826,1.603873,4,bbp_only
12,L5_OutPort_BBP,1000.000000,311.539872,0.311540,0.312301,0.320671,4,bbp_only
12,L5_OutPort_SMC,100.000000,0.109784,0.001098,0.005062,0.005062,4,bbp_only
12,L4_Trunk_SW1_to_SW2,100.000000,0.117984,0.001180,0.096318,0.096318,4,bbp_only
12,L4_Trunk_SW2_to_SW1,100.000000,155.821632,1.558216,1.565826,1.603873,4,bbp_only
13,L5_OutPort_BBP,1000.000000,337.501328,0.337501,0.338262,0.347394,4,bbp_only
13,L5_OutPort_SMC,100.000000,0.118600,0.001186,0.005150,0.005150,4,bbp_only
13,L4_Trunk_SW1_to_SW2,100.000000,0.137648,0.001376,0.112371,0.112371,4,bbp_only
13,L4_Trunk_SW2_to_SW1,100.000000,181.791904,1.817919,1.825528,1.871185,4,bbp_only
14,L5_OutPort_BBP,1000.000000,363.462784,0.363463,0.364224,0.374116,4,bbp_only
14,L5_OutPort_SMC,100.000000,0.127416,0.001274,0.005238,0.005238,4,bbp_only
14,L4_Trunk_SW1_to_SW2,100.000000,0.137648,0.001376,0.112371,0.112371,4,bbp_only
14,L4_Trunk_SW2_to_SW1,100.000000,181.791904,1.817919,1.825528,1.871185,4,bbp_only
15,L5_OutPort_BBP,1000.000000,389.424240,0.389424,0.390185,0.400838,4,bbp_only
15,L5_OutPort_SMC,100.000000,0.136232,0.001362,0.005326,0.005326,4,bbp_only
15,L4_Trunk_SW1_to_SW2,100.000000,0.157312,0.001573,0.128424,0.128424,4,bbp_only
15,L4_Trunk_SW2_to_SW1,100.000000,207.762176,2.077622,2.085231,2.138497,4,bbp_only
16,L5_OutPort_BBP,1000.000000,415.385696,0.415386,0.416147,0.427561,4,bbp_only
16,L5_OutPort_SMC,100.000000,0.145048,0.001450,0.005415,0.005415,4,bbp_only
16,L4_Trunk_SW1_to_SW2,100.000000,0.157312,0.001573,0.128424,0.128424,4,bbp_only
16,L4_Trunk_SW2_to_SW1,100.000000,207.762176,2.077622,2.085231,2.138497,4,bbp_only
17,L5_OutPort_BBP,1000.000000,441.347152,0.441347,0.442108,0.454283,4,bbp_only
17,L5_OutPort_SMC,100.000000,0.153864,0.001539,0.005503,0.005503,4,bbp_only
17,L4_Trunk_SW1_to_SW2,100.000000,0.176976,0.001770,0.144477,0.144477,4,bbp_only
17,L4_Trunk_SW2_to_SW1,100.000000,233.732448,2.337324,2.344934,2.405809,4,bbp_only
18,L5_OutPort_BBP,1000.000000,467.308608,0.467309,0.468070,0.481006,4,bbp_only
18,L5_OutPort_SMC,100.000000,0.162680,0.001627,0.005591,0.005591,4,bbp_only
18,L4_Trunk_SW1_to_SW2,100.000000,0.176976,0.001770,0.144477,0.144477,4,bbp_only
18,L4_Trunk_SW2_to_SW1,100.000000,233.732448,2.337324,2.344934,2.405809,4,bbp_only
19,L5_OutPort_BBP,1000.000000,493.270064,0.493270,0.494031,0.507728,4,bbp_only
19,L5_OutPort_SMC,100.000000,0.171496,0.001715,0.005679,0.005679,4,bbp_only
19,L4_Trunk_SW1_to_SW2,100.000000,0.196640,0.001966,0.160530,0.160530,4,bbp_only
19,L4_Trunk_SW2_to_SW1,100.000000,259.702720,2.597027,2.604637,2.673122,4,bbp_only
20,L5_OutPort_BBP,1000.000000,519.231520,0.519232,0.519992,0.534450,4,bbp_only
20,L5_OutPort_SMC,100.000000,0.180312,0.001803,0.005767,0.005767,4,bbp_only
20,L4_Trunk_SW1_to_SW2,100.000000,0.196640,0.001966,0.160530,0.160530,4,bbp_only
20,L4_Trunk_SW2_to_SW1,100.000000,259.702720,2.597027,2.604637,2.673122,4,bbp_only
21,L5_OutPort_BBP,1000.000000,545.192976,0.545193,0.545954,0.561173,4,bbp_only
21,L5_OutPort_SMC,100.000000,0.189128,0.001891,0.005855,0.005855,4,bbp_only
21,L4_Trunk_SW1_to_SW2,100.000000,0.216304,0.002163,0.176583,0.176583,4,bbp_only
21,L4_Trunk_SW2_to_SW1,100.000000,285.672992,2.856730,2.864339,2.940434,4,bbp_only
22,L5_OutPort_BBP,1000.000000,571.154432,0.571154,0.571915,0.587895,4,bbp_only
22,L5_OutPort_SMC,100.000000,0.197944,0.001979,0.005944,0.005944,4,bbp_only
22,L4_Trunk_SW1_to_SW2,100.000000,0.216304,0.002163,0.176583,0.176583,4,bbp_only
22,L4_Trunk_SW2_to_SW1,100.000000,285.672992,2.856730,2.864339,2.940434,4,bbp_only
23,L5_OutPort_BBP,1000.000000,597.115888,0.597116,0.597877,0.614618,4,bbp_only
23,L5_OutPort_SMC,100.000000,0.206760,0.002068,0.006032,0.006032,4,bbp_only
23,L4_Trunk_SW1_to_SW2,100.000000,0.235968,0.002360,0.192636,0.192636,4,bbp_only
23,L4_Trunk_SW2_to_SW1,100.000000,311.643264,3.116433,3.124042,3.207746,4,bbp_only
24,L5_OutPort_BBP,1000.000000,623.077344,0.623077,0.623838,0.641340,4,bbp_only
24,L5_OutPort_SMC,100.000000,0.215576,0.002156,0.006120,0.006120,4,bbp_only
24,L4_Trunk_SW1_to_SW2,100.000000,0.235968,0.002360,0.192636,0.192636,4,bbp_only
24,L4_Trunk_SW2_to_SW1,100.000000,311.643264,3.116433,3.124042,3.207746,4,bbp_only
25,L5_OutPort_BBP,1000.000000,649.038800,0.649039,0.649800,0.668062,4,bbp_only
25,L5_OutPort_SMC,100.000000,0.224392,0.002244,0.006208,0.006208,4,bbp_only
25,L4_Trunk_SW1_to_SW2,100.000000,0.255632,0.002556,0.208688,0.208688,4,bbp_only
25,L4_Trunk_SW2_to_SW1,100.000000,337.613536,3.376135,3.383745,3.475058,4,bbp_only
26,L5_OutPort_BBP,1000.000000,675.000256,0.675000,0.675761,0.694785,4,bbp_only
26,L5_OutPort_SMC,100.000000,0.233208,0.002332,0.006296,0.006296,4,bbp_only
26,L4_Trunk_SW1_to_SW2,100.000000,0.255632,0.002556,0.208688,0.208688,4,bbp_only
26,L4_Trunk_SW2_to_SW1,100.000000,337.613536,3.376135,3.383745,3.475058,4,bbp_only
27,L5_OutPort_BBP,1000.000000,700.961712,0.700962,0.701723,0.721507,4,bbp_only
27,L5_OutPort_SMC,100.000000,0.242024,0.002420,0.006384,0.006384,4,bbp_only
27,L4_Trunk_SW1_to_SW2,100.000000,0.275296,0.002753,0.224741,0.224741,4,bbp_only
27,L4_Trunk_SW2_to_SW1,100.000000,363.583808,3.635838,3.643448,3.742370,4,bbp_only
28,L5_OutPort_BBP,1000.000000,726.923168,0.726923,0.727684,0.748230,4,bbp_only
28,L5_OutPort_SMC,100.000000,0.250840,0.002508,0.006472,0.006472,4,bbp_only
28,L4_Trunk_SW1_to_SW2,100.000000,0.275296,0.002753,0.224741,0.224741,4,bbp_only
28,L4_Trunk_SW2_to_SW1,100.000000,363.583808,3.635838,3.643448,3.742370,4,bbp_only
29,L5_OutPort_BBP,1000.000000,752.884624,0.752885,0.753646,0.774952,4,bbp_only
29,L5_OutPort_SMC,100.000000,0.259656,0.002597,0.006561,0.006561,4,bbp_only
29,L4_Trunk_SW1_to_SW2,100.000000,0.294960,0.002950,0.240794,0.240794,4,bbp_only
29,L4_Trunk_SW2_to_SW1,100.000000,389.554080,3.895541,3.903150,4.009682,4,bbp_only
30,L5_OutPort_BBP,1000.000000,778.846080,0.778846,0.779607,0.801674,4,bbp_only
30,L5_OutPort_SMC,100.000000,0.268472,0.002685,0.006649,0.006649,4,bbp_only
30,L4_Trunk_SW1_to_SW2,100.000000,0.294960,0.002950,0.240794,0.240794,4,bbp_only
30,L4_Trunk_SW2_to_SW1,100.000000,389.554080,3.895541,3.903150,4.009682,4,bbp_only
