Port,C_Mbps,Nstar_steady,Slope_steady,Nstar_single,Slope_single,Nstar_all,Slope_all,First_FAIL_N,BF_per_bay_Mbps,Streams,Scenario
L5_OutPort_BBP,100.0000,7.7026,0.1298,7.6440,0.1298,7.2762,0.1374,8.0000,12.9823,2,base
L4_Trunk_SW2_to_SW1,100.0000,14.9152,0.0650,14.7980,0.0650,14.0633,0.0688,15.0000,6.4955,2,base
L4_Trunk_SW1_to_SW2,100.0000,10170.3906,0.0001,124.1076,0.0080,124.1076,0.0080,,0.0098,2,base
L5_OutPort_SMC,100.0000,11342.5599,0.0001,11297.5953,0.0001,11297.5953,0.0001,,0.0088,2,base
L5_OutPort_BBP,100.0000,3.8518,0.2596,3.8225,0.2596,3.7421,0.2672,4.0000,25.9615,4,base
L4_Trunk_SW2_to_SW1,100.0000,7.2211,0.1299,7.1625,0.1299,7.0019,0.1337,7.0000,12.9851,4,base
L4_Trunk_SW1_to_SW2,100.0000,10170.3906,0.0001,124.1076,0.0080,124.1076,0.0080,,0.0098,4,base
L5_OutPort_SMC,100.0000,11342.5599,0.0001,11297.5953,0.0001,11297.5953,0.0001,,0.0088,4,base
L4_Trunk_SW2_to_SW1,100.0000,7.2211,0.1299,7.1625,0.1299,7.0019,0.1337,7.0000,12.9851,4,bbp_only
L5_OutPort_BBP,1000.0000,38.5185,0.0260,38.4892,0.0260,37.4217,0.0267,,25.9615,4,bbp_only
L4_Trunk_SW1_to_SW2,100.0000,10170.3906,0.0001,124.1076,0.0080,124.1076,0.0080,,0.0098,4,bbp_only
L5_OutPort_SMC,100.0000,11342.5599,0.0001,11297.5953,0.0001,11297.5953,0.0001,,0.0088,4,bbp_only
