N_Bays,Seed,SV_flows,SV_mean_us,SV_max_us,SV_PLR_pct,GOOSE_flows,GOOSE_mean_us,GOOSE_max_us,Source
8,1,48,38.2975,437.0605,0.0000,78,59.6072,250.0639,CASO8BAHIAS\Replicas\seed_1\KPIs_PB.xlsx
8,2,48,37.0645,425.8164,0.0000,78,59.8672,261.1842,CASO8BAHIAS\Replicas\seed_2\KPIs_PB.xlsx
8,3,48,34.3893,413.5985,0.0000,78,59.6377,257.6800,CASO8BAHIAS\Replicas\seed_3\KPIs_PB.xlsx
8,4,48,33.6199,397.9279,0.0000,78,59.6627,248.5600,CASO8BAHIAS\Replicas\seed_4\KPIs_PB.xlsx
8,42,48,33.5132,404.5634,0.0000,78,59.6306,264.1261,CASO8BAHIAS\Replicas\seed_42\KPIs_PB.xlsx
8,42_original,48,32.2274,400.0403,0.0000,78,57.7279,236.5654,CASO8BAHIAS\Results\KPIs_PB.xlsx
8,5,48,33.2312,384.6238,0.0000,78,59.8296,262.8000,CASO8BAHIAS\Replicas\seed_5\KPIs_PB.xlsx
9,1,54,34615.1428,207184.5152,0.0000,88,63.7544,303.2270,CASO9BAHIAS\100_fix_replicas\seed_1\KPIs_PB.xlsx
9,2,54,34616.5503,207188.6130,0.0000,88,64.3557,315.2459,CASO9BAHIAS\100_fix_replicas\seed_2\KPIs_PB.xlsx
9,3,54,34605.8350,207153.7182,0.0000,88,63.8736,310.4800,CASO9BAHIAS\100_fix_replicas\seed_3\KPIs_PB.xlsx
9,4,54,34612.4615,207162.6140,0.0000,88,63.9965,303.6634,CASO9BAHIAS\100_fix_replicas\seed_4\KPIs_PB.xlsx
9,42,54,34609.7028,207171.8774,0.0000,88,64.2563,314.2400,CASO9BAHIAS\100_fix\Results\KPIs_PB.xlsx
9,5,54,34612.6822,207170.8795,0.0000,88,64.2178,315.4318,CASO9BAHIAS\100_fix_replicas\seed_5\KPIs_PB.xlsx
