N_Bays,Scenario,SV_flows,SV_mean_us,SV_ci95_us,GOOSE_flows,GOOSE_mean_us,GOOSE_ci95_us,SV_ci95_pct
1,base,6,29.0447,0.0024,10,49.8485,8.4503,0.0081
2,base,12,31.3001,3.3428,18,48.7004,6.5596,10.6799
3,base,18,31.5277,2.2642,28,51.3593,6.2042,7.1817
4,base,24,31.6975,2.2451,38,55.2642,7.0687,7.0829
5,base,30,31.3140,1.8005,48,58.5459,8.0083,5.7500
6,base,36,35.4124,3.5297,58,39.2161,1.9596,9.9673
7,base,42,39.0331,4.7776,68,62.6500,9.9149,12.2399
8,base,48,43822.1289,18173.2215,78,66.1857,10.0253,41.4704
9,base,54,88905.3570,34725.0627,88,64.5236,10.0656,39.0585
10,base,60,94417.2931,34889.8758,98,64.7415,9.9830,36.9528
