N_Bays,Scenario,Kind,Component,MTTF_y,Importance,Downtime_Share,MTTR_Sens_min_yr_per_h
1,base,Device,MU1B1,150,0.4375,0.072917074,0.175
1,base,Link,MU1B1 access link,300,0.4375,0.036458648,0.0875
1,base,Device,BBP,150,0.25,0.041666899,0.1
1,base,Switch,SW1,50,1,0.4999967,1.2
1,base,Link,BBP access link,300,0.25,0.020833513,0.05
1,base,Device,PP1B1L,150,0.4375,0.072917074,0.175
1,base,Link,PP1B1L access link,300,0.4375,0.036458648,0.0875
1,base,Device,MU2B1,150,0.4375,0.072917074,0.175
1,base,Link,MU2B1 access link,300,0.4375,0.036458648,0.0875
1,base,Link,PP2B1L access link,300,0.4375,0.036458648,0.0875
1,base,Device,PP2B1L,150,0.4375,0.072917074,0.175
2,base,Device,MU1B1,150,0.21875,0.036458537,0.0875
2,base,Link,MU1B1 access link,300,0.21875,0.018229324,0.04375
2,base,Device,BBP,150,0.25,0.041666899,0.1
2,base,Switch,SW1,50,1,0.4999967,1.2
2,base,Link,BBP access link,300,0.25,0.020833513,0.05
2,base,Device,PP1B1L,150,0.21875,0.036458537,0.0875
2,base,Link,PP1B1L access link,300,0.21875,0.018229324,0.04375
2,base,Device,MU2B1,150,0.21875,0.036458537,0.0875
2,base,Link,MU2B1 access link,300,0.21875,0.018229324,0.04375
2,base,Link,PP2B1L access link,300,0.21875,0.018229324,0.04375
2,base,Device,PP2B1L,150,0.21875,0.036458537,0.0875
2,base,Link,MU1B2 access link,300,0.21875,0.018229324,0.04375
2,base,Device,MU1B2,150,0.21875,0.036458537,0.0875
2,base,Link,PP1B2L access link,300,0.21875,0.018229324,0.04375
2,base,Device,PP1B2L,150,0.21875,0.036458537,0.0875
2,base,Link,MU2B2 access link,300,0.21875,0.018229324,0.04375
2,base,Device,MU2B2,150,0.21875,0.036458537,0.0875
2,base,Link,PP2B2L access link,300,0.21875,0.018229324,0.04375
2,base,Device,PP2B2L,150,0.21875,0.036458537,0.0875
3,base,Device,MU1B1,150,0.14583333,0.024305691,0.058333333
3,base,Link,MU1B1 access link,300,0.14583333,0.012152883,0.029166667
3,base,Device,BBP,150,0.25,0.041666899,0.1
3,base,Switch,SW1,50,1,0.4999967,1.2
3,base,Link,BBP access link,300,0.25,0.020833513,0.05
3,base,Device,PP1B1L,150,0.14583333,0.024305691,0.058333333
3,base,Link,PP1B1L access link,300,0.14583333,0.012152883,0.029166667
3,base,Device,MU2B1,150,0.14583333,0.024305691,0.058333333
3,base,Link,MU2B1 access link,300,0.14583333,0.012152883,0.029166667
3,base,Link,PP2B1L access link,300,0.14583333,0.012152883,0.029166667
3,base,Device,PP2B1L,150,0.14583333,0.024305691,0.058333333
3,base,Link,MU1B2 access link,300,0.14583333,0.012152883,0.029166667
3,base,Device,MU1B2,150,0.14583333,0.024305691,0.058333333
3,base,Link,PP1B2L access link,300,0.14583333,0.012152883,0.029166667
3,base,Device,PP1B2L,150,0.14583333,0.024305691,0.058333333
3,base,Link,MU2B2 access link,300,0.14583333,0.012152883,0.029166667
3,base,Device,MU2B2,150,0.14583333,0.024305691,0.058333333
3,base,Link,PP2B2L access link,300,0.14583333,0.012152883,0.029166667
3,base,Device,PP2B2L,150,0.14583333,0.024305691,0.058333333
3,base,Device,MU1B3,150,0.14583333,0.024305691,0.058333333
3,base,Link,MU1B3 access link,300,0.14583333,0.012152883,0.029166667
3,base,Device,PP1B3L,150,0.14583333,0.024305691,0.058333333
3,base,Link,PP1B3L access link,300,0.14583333,0.012152883,0.029166667
3,base,Link,MU2B3 access link,300,0.14583333,0.012152883,0.029166667
3,base,Device,MU2B3,150,0.14583333,0.024305691,0.058333333
3,base,Link,PP2B3L access link,300,0.14583333,0.012152883,0.029166667
3,base,Device,PP2B3L,150,0.14583333,0.024305691,0.058333333
4,base,Device,MU1B1,150,0.109375,0.018229268,0.04375
4,base,Link,MU1B1 access link,300,0.109375,0.0091146619,0.021875
4,base,Device,BBP,150,0.25,0.041666899,0.1
4,base,Switch,SW1,50,1,0.4999967,1.2
4,base,Link,BBP access link,300,0.25,0.020833513,0.05
4,base,Device,PP1B1L,150,0.109375,0.018229268,0.04375
4,base,Link,PP1B1L access link,300,0.109375,0.0091146619,0.021875
4,base,Device,MU2B1,150,0.109375,0.018229268,0.04375
4,base,Link,MU2B1 access link,300,0.109375,0.0091146619,0.021875
4,base,Link,PP2B1L access link,300,0.109375,0.0091146619,0.021875
4,base,Device,PP2B1L,150,0.109375,0.018229268,0.04375
4,base,Link,MU1B2 access link,300,0.109375,0.0091146619,0.021875
4,base,Device,MU1B2,150,0.109375,0.018229268,0.04375
4,base,Link,PP1B2L access link,300,0.109375,0.0091146619,0.021875
4,base,Device,PP1B2L,150,0.109375,0.018229268,0.04375
4,base,Link,MU2B2 access link,300,0.109375,0.0091146619,0.021875
4,base,Device,MU2B2,150,0.109375,0.018229268,0.04375
4,base,Link,PP2B2L access link,300,0.109375,0.0091146619,0.021875
4,base,Device,PP2B2L,150,0.109375,0.018229268,0.04375
4,base,Device,MU1B3,150,0.109375,0.018229268,0.04375
4,base,Link,MU1B3 access link,300,0.109375,0.0091146619,0.021875
4,base,Device,PP1B3L,150,0.109375,0.018229268,0.04375
4,base,Link,PP1B3L access link,300,0.109375,0.0091146619,0.021875
4,base,Link,MU2B3 access link,300,0.109375,0.0091146619,0.021875
4,base,Device,MU2B3,150,0.109375,0.018229268,0.04375
4,base,Link,PP2B3L access link,300,0.109375,0.0091146619,0.021875
4,base,Device,PP2B3L,150,0.109375,0.018229268,0.04375
4,base,Device,MU1B4,150,0.109375,0.018229268,0.04375
4,base,Link,MU1B4 access link,300,0.109375,0.0091146619,0.021875
4,base,Device,PP1B4L,150,0.109375,0.018229268,0.04375
4,base,Link,PP1B4L access link,300,0.109375,0.0091146619,0.021875
4,base,Link,MU2B4 access link,300,0.109375,0.0091146619,0.021875
4,base,Device,MU2B4,150,0.109375,0.018229268,0.04375
4,base,Link,PP2B4L access link,300,0.109375,0.0091146619,0.021875
4,base,Device,PP2B4L,150,0.109375,0.018229268,0.04375
5,base,Device,MU1B1,150,0.0875,0.014583415,0.035
5,base,Link,MU1B1 access link,300,0.0875,0.0072917296,0.0175
5,base,Device,BBP,150,0.25,0.041666899,0.1
5,base,Switch,SW1,50,1,0.4999967,1.2
5,base,Link,BBP access link,300,0.25,0.020833513,0.05
5,base,Device,PP1B1L,150,0.0875,0.014583415,0.035
5,base,Link,PP1B1L access link,300,0.0875,0.0072917296,0.0175
5,base,Device,MU2B1,150,0.0875,0.014583415,0.035
5,base,Link,MU2B1 access link,300,0.0875,0.0072917296,0.0175
5,base,Link,PP2B1L access link,300,0.0875,0.0072917296,0.0175
5,base,Device,PP2B1L,150,0.0875,0.014583415,0.035
5,base,Link,MU1B2 access link,300,0.0875,0.0072917296,0.0175
5,base,Device,MU1B2,150,0.0875,0.014583415,0.035
5,base,Link,PP1B2L access link,300,0.0875,0.0072917296,0.0175
5,base,Device,PP1B2L,150,0.0875,0.014583415,0.035
5,base,Link,MU2B2 access link,300,0.0875,0.0072917296,0.0175
5,base,Device,MU2B2,150,0.0875,0.014583415,0.035
5,base,Link,PP2B2L access link,300,0.0875,0.0072917296,0.0175
5,base,Device,PP2B2L,150,0.0875,0.014583415,0.035
5,base,Device,MU1B3,150,0.0875,0.014583415,0.035
5,base,Link,MU1B3 access link,300,0.0875,0.0072917296,0.0175
5,base,Device,PP1B3L,150,0.0875,0.014583415,0.035
5,base,Link,PP1B3L access link,300,0.0875,0.0072917296,0.0175
5,base,Link,MU2B3 access link,300,0.0875,0.0072917296,0.0175
5,base,Device,MU2B3,150,0.0875,0.014583415,0.035
5,base,Link,PP2B3L access link,300,0.0875,0.0072917296,0.0175
5,base,Device,PP2B3L,150,0.0875,0.014583415,0.035
5,base,Device,MU1B4,150,0.0875,0.014583415,0.035
5,base,Link,MU1B4 access link,300,0.0875,0.0072917296,0.0175
5,base,Device,PP1B4L,150,0.0875,0.014583415,0.035
5,base,Link,PP1B4L access link,300,0.0875,0.0072917296,0.0175
5,base,Link,MU2B4 access link,300,0.0875,0.0072917296,0.0175
5,base,Device,MU2B4,150,0.0875,0.014583415,0.035
5,base,Link,PP2B4L access link,300,0.0875,0.0072917296,0.0175
5,base,Device,PP2B4L,150,0.0875,0.014583415,0.035
5,base,Device,MU1B5,150,0.0875,0.014583415,0.035
5,base,Link,MU1B5 access link,300,0.0875,0.0072917296,0.0175
5,base,Device,PP1B5L,150,0.0875,0.014583415,0.035
5,base,Link,PP1B5L access link,300,0.0875,0.0072917296,0.0175
5,base,Link,MU2B5 access link,300,0.0875,0.0072917296,0.0175
5,base,Device,MU2B5,150,0.0875,0.014583415,0.035
5,base,Device,PP2B5L,150,0.0875,0.014583415,0.035
5,base,Link,PP2B5L access link,300,0.0875,0.0072917296,0.0175
6,base,Device,MU1B1,150,0.072916667,0.011326927,0.029166667
6,base,Link,MU1B1 access link,300,0.072916667,0.005663481,0.014583333
6,base,Device,BBP,150,0.25,0.03883518,0.1
6,base,Switch,SW1,50,0.625,0.2912603,0.75
6,base,Link,BBP access link,300,0.25,0.019417649,0.05
6,base,Device,PP1B1L,150,0.072916667,0.011326927,0.029166667
6,base,Link,PP1B1L access link,300,0.072916667,0.005663481,0.014583333
6,base,Device,MU2B1,150,0.072916667,0.011326927,0.029166667
6,base,Link,MU2B1 access link,300,0.072916667,0.005663481,0.014583333
6,base,Link,PP2B1L access link,300,0.072916667,0.005663481,0.014583333
6,base,Device,PP2B1L,150,0.072916667,0.011326927,0.029166667
6,base,Link,MU1B2 access link,300,0.072916667,0.005663481,0.014583333
6,base,Device,MU1B2,150,0.072916667,0.011326927,0.029166667
6,base,Link,PP1B2L access link,300,0.072916667,0.005663481,0.014583333
6,base,Device,PP1B2L,150,0.072916667,0.011326927,0.029166667
6,base,Link,MU2B2 access link,300,0.072916667,0.005663481,0.014583333
6,base,Device,MU2B2,150,0.072916667,0.011326927,0.029166667
6,base,Link,PP2B2L access link,300,0.072916667,0.005663481,0.014583333
6,base,Device,PP2B2L,150,0.072916667,0.011326927,0.029166667
6,base,Device,MU1B3,150,0.072916667,0.011326927,0.029166667
6,base,Link,MU1B3 access link,300,0.072916667,0.005663481,0.014583333
6,base,Device,PP1B3L,150,0.072916667,0.011326927,0.029166667
6,base,Link,PP1B3L access link,300,0.072916667,0.005663481,0.014583333
6,base,Link,MU2B3 access link,300,0.072916667,0.005663481,0.014583333
6,base,Device,MU2B3,150,0.072916667,0.011326927,0.029166667
6,base,Link,PP2B3L access link,300,0.072916667,0.005663481,0.014583333
6,base,Device,PP2B3L,150,0.072916667,0.011326927,0.029166667
6,base,Switch,SW2,50,0.5,0.23300824,0.6
6,base,Device,MU1B4,150,0.072916667,0.011326927,0.029166667
6,base,Trunk,Trunk SW1--SW2,300,0.125,0.0097088245,0.025
6,base,Link,MU1B4 access link,300,0.072916667,0.005663481,0.014583333
6,base,Device,PP1B4L,150,0.072916667,0.011326927,0.029166667
6,base,Link,PP1B4L access link,300,0.072916667,0.005663481,0.014583333
6,base,Device,MU2B4,150,0.072916667,0.011326927,0.029166667
6,base,Link,MU2B4 access link,300,0.072916667,0.005663481,0.014583333
6,base,Link,PP2B4L access link,300,0.072916667,0.005663481,0.014583333
6,base,Device,PP2B4L,150,0.072916667,0.011326927,0.029166667
6,base,Device,MU1B5,150,0.072916667,0.011326927,0.029166667
6,base,Link,MU1B5 access link,300,0.072916667,0.005663481,0.014583333
6,base,Device,PP1B5L,150,0.072916667,0.011326927,0.029166667
6,base,Link,PP1B5L access link,300,0.072916667,0.005663481,0.014583333
6,base,Link,MU2B5 access link,300,0.072916667,0.005663481,0.014583333
6,base,Device,MU2B5,150,0.072916667,0.011326927,0.029166667
6,base,Device,PP2B5L,150,0.072916667,0.011326927,0.029166667
6,base,Link,PP2B5L access link,300,0.072916667,0.005663481,0.014583333
6,base,Link,MU1B6 access link,300,0.072916667,0.005663481,0.014583333
6,base,Device,MU1B6,150,0.072916667,0.011326927,0.029166667
6,base,Link,PP1B6L access link,300,0.072916667,0.005663481,0.014583333
6,base,Device,PP1B6L,150,0.072916667,0.011326927,0.029166667
6,base,Device,MU2B6,150,0.072916667,0.011326927,0.029166667
6,base,Link,MU2B6 access link,300,0.072916667,0.005663481,0.014583333
6,base,Device,PP2B6L,150,0.072916667,0.011326927,0.029166667
6,base,Link,PP2B6L access link,300,0.072916667,0.005663481,0.014583333
7,base,Device,MU1B1,150,0.0625,0.0096154415,0.025
7,base,Link,MU1B1 access link,300,0.0625,0.0048077354,0.0125
7,base,Device,BBP,150,0.25,0.038461766,0.1
7,base,Switch,SW1,50,0.57142857,0.26373461,0.68571429
7,base,Link,BBP access link,300,0.25,0.019230942,0.05
7,base,Device,PP1B1L,150,0.0625,0.0096154415,0.025
7,base,Link,PP1B1L access link,300,0.0625,0.0048077354,0.0125
7,base,Device,MU2B1,150,0.0625,0.0096154415,0.025
7,base,Link,MU2B1 access link,300,0.0625,0.0048077354,0.0125
7,base,Link,PP2B1L access link,300,0.0625,0.0048077354,0.0125
7,base,Device,PP2B1L,150,0.0625,0.0096154415,0.025
7,base,Link,MU1B2 access link,300,0.0625,0.0048077354,0.0125
7,base,Device,MU1B2,150,0.0625,0.0096154415,0.025
7,base,Link,PP1B2L access link,300,0.0625,0.0048077354,0.0125
7,base,Device,PP1B2L,150,0.0625,0.0096154415,0.025
7,base,Link,MU2B2 access link,300,0.0625,0.0048077354,0.0125
7,base,Device,MU2B2,150,0.0625,0.0096154415,0.025
7,base,Link,PP2B2L access link,300,0.0625,0.0048077354,0.0125
7,base,Device,PP2B2L,150,0.0625,0.0096154415,0.025
7,base,Device,MU1B3,150,0.0625,0.0096154415,0.025
7,base,Link,MU1B3 access link,300,0.0625,0.0048077354,0.0125
7,base,Device,PP1B3L,150,0.0625,0.0096154415,0.025
7,base,Link,PP1B3L access link,300,0.0625,0.0048077354,0.0125
7,base,Link,MU2B3 access link,300,0.0625,0.0048077354,0.0125
7,base,Device,MU2B3,150,0.0625,0.0096154415,0.025
7,base,Link,PP2B3L access link,300,0.0625,0.0048077354,0.0125
7,base,Device,PP2B3L,150,0.0625,0.0096154415,0.025
7,base,Switch,SW2,50,0.57142857,0.26373461,0.68571429
7,base,Device,MU1B4,150,0.0625,0.0096154415,0.025
7,base,Trunk,Trunk SW1--SW2,300,0.14285714,0.01098911,0.028571429
7,base,Link,MU1B4 access link,300,0.0625,0.0048077354,0.0125
7,base,Device,PP1B4L,150,0.0625,0.0096154415,0.025
7,base,Link,PP1B4L access link,300,0.0625,0.0048077354,0.0125
7,base,Device,MU2B4,150,0.0625,0.0096154415,0.025
7,base,Link,MU2B4 access link,300,0.0625,0.0048077354,0.0125
7,base,Link,PP2B4L access link,300,0.0625,0.0048077354,0.0125
7,base,Device,PP2B4L,150,0.0625,0.0096154415,0.025
7,base,Device,MU1B5,150,0.0625,0.0096154415,0.025
7,base,Link,MU1B5 access link,300,0.0625,0.0048077354,0.0125
7,base,Device,PP1B5L,150,0.0625,0.0096154415,0.025
7,base,Link,PP1B5L access link,300,0.0625,0.0048077354,0.0125
7,base,Link,MU2B5 access link,300,0.0625,0.0048077354,0.0125
7,base,Device,MU2B5,150,0.0625,0.0096154415,0.025
7,base,Device,PP2B5L,150,0.0625,0.0096154415,0.025
7,base,Link,PP2B5L access link,300,0.0625,0.0048077354,0.0125
7,base,Link,MU1B6 access link,300,0.0625,0.0048077354,0.0125
7,base,Device,MU1B6,150,0.0625,0.0096154415,0.025
7,base,Link,PP1B6L access link,300,0.0625,0.0048077354,0.0125
7,base,Device,PP1B6L,150,0.0625,0.0096154415,0.025
7,base,Device,MU2B6,150,0.0625,0.0096154415,0.025
7,base,Link,MU2B6 access link,300,0.0625,0.0048077354,0.0125
7,base,Device,PP2B6L,150,0.0625,0.0096154415,0.025
7,base,Link,PP2B6L access link,300,0.0625,0.0048077354,0.0125
7,base,Link,MU1B7 access link,300,0.0625,0.0048077354,0.0125
7,base,Device,MU1B7,150,0.0625,0.0096154415,0.025
7,base,Link,PP1B7L access link,300,0.0625,0.0048077354,0.0125
7,base,Device,PP1B7L,150,0.0625,0.0096154415,0.025
7,base,Device,MU2B7,150,0.0625,0.0096154415,0.025
7,base,Link,MU2B7 access link,300,0.0625,0.0048077354,0.0125
7,base,Link,PP2B7L access link,300,0.0625,0.0048077354,0.0125
7,base,Device,PP2B7L,150,0.0625,0.0096154415,0.025
8,base,Device,MU1B1,150,0.0546875,0.0084951956,0.021875
8,base,Link,MU1B1 access link,300,0.0546875,0.0042476107,0.0109375
8,base,Device,BBP,150,0.25,0.03883518,0.1
8,base,Switch,SW1,50,0.625,0.2912603,0.75
8,base,Link,BBP access link,300,0.25,0.019417649,0.05
8,base,Device,PP1B1L,150,0.0546875,0.0084951956,0.021875
8,base,Link,PP1B1L access link,300,0.0546875,0.0042476107,0.0109375
8,base,Device,MU2B1,150,0.0546875,0.0084951956,0.021875
8,base,Link,MU2B1 access link,300,0.0546875,0.0042476107,0.0109375
8,base,Link,PP2B1L access link,300,0.0546875,0.0042476107,0.0109375
8,base,Device,PP2B1L,150,0.0546875,0.0084951956,0.021875
8,base,Link,MU1B2 access link,300,0.0546875,0.0042476107,0.0109375
8,base,Device,MU1B2,150,0.0546875,0.0084951956,0.021875
8,base,Link,PP1B2L access link,300,0.0546875,0.0042476107,0.0109375
8,base,Device,PP1B2L,150,0.0546875,0.0084951956,0.021875
8,base,Link,MU2B2 access link,300,0.0546875,0.0042476107,0.0109375
8,base,Device,MU2B2,150,0.0546875,0.0084951956,0.021875
8,base,Link,PP2B2L access link,300,0.0546875,0.0042476107,0.0109375
8,base,Device,PP2B2L,150,0.0546875,0.0084951956,0.021875
8,base,Device,MU1B3,150,0.0546875,0.0084951956,0.021875
8,base,Link,MU1B3 access link,300,0.0546875,0.0042476107,0.0109375
8,base,Device,PP1B3L,150,0.0546875,0.0084951956,0.021875
8,base,Link,PP1B3L access link,300,0.0546875,0.0042476107,0.0109375
8,base,Link,MU2B3 access link,300,0.0546875,0.0042476107,0.0109375
8,base,Device,MU2B3,150,0.0546875,0.0084951956,0.021875
8,base,Link,PP2B3L access link,300,0.0546875,0.0042476107,0.0109375
8,base,Device,PP2B3L,150,0.0546875,0.0084951956,0.021875
8,base,Device,MU1B4,150,0.0546875,0.0084951956,0.021875
8,base,Link,MU1B4 access link,300,0.0546875,0.0042476107,0.0109375
8,base,Device,PP1B4L,150,0.0546875,0.0084951956,0.021875
8,base,Link,PP1B4L access link,300,0.0546875,0.0042476107,0.0109375
8,base,Link,MU2B4 access link,300,0.0546875,0.0042476107,0.0109375
8,base,Device,MU2B4,150,0.0546875,0.0084951956,0.021875
8,base,Link,PP2B4L access link,300,0.0546875,0.0042476107,0.0109375
8,base,Device,PP2B4L,150,0.0546875,0.0084951956,0.021875
8,base,Switch,SW2,50,0.5,0.23300824,0.6
8,base,Trunk,Trunk SW1--SW2,300,0.125,0.0097088245,0.025
8,base,Device,MU1B5,150,0.0546875,0.0084951956,0.021875
8,base,Link,MU1B5 access link,300,0.0546875,0.0042476107,0.0109375
8,base,Device,PP1B5L,150,0.0546875,0.0084951956,0.021875
8,base,Link,PP1B5L access link,300,0.0546875,0.0042476107,0.0109375
8,base,Link,MU2B5 access link,300,0.0546875,0.0042476107,0.0109375
8,base,Device,MU2B5,150,0.0546875,0.0084951956,0.021875
8,base,Device,PP2B5L,150,0.0546875,0.0084951956,0.021875
8,base,Link,PP2B5L access link,300,0.0546875,0.0042476107,0.0109375
8,base,Link,MU1B6 access link,300,0.0546875,0.0042476107,0.0109375
8,base,Device,MU1B6,150,0.0546875,0.0084951956,0.021875
8,base,Link,PP1B6L access link,300,0.0546875,0.0042476107,0.0109375
8,base,Device,PP1B6L,150,0.0546875,0.0084951956,0.021875
8,base,Device,MU2B6,150,0.0546875,0.0084951956,0.021875
8,base,Link,MU2B6 access link,300,0.0546875,0.0042476107,0.0109375
8,base,Device,PP2B6L,150,0.0546875,0.0084951956,0.021875
8,base,Link,PP2B6L access link,300,0.0546875,0.0042476107,0.0109375
8,base,Link,MU1B7 access link,300,0.0546875,0.0042476107,0.0109375
8,base,Device,MU1B7,150,0.0546875,0.0084951956,0.021875
8,base,Link,PP1B7L access link,300,0.0546875,0.0042476107,0.0109375
8,base,Device,PP1B7L,150,0.0546875,0.0084951956,0.021875
8,base,Device,MU2B7,150,0.0546875,0.0084951956,0.021875
8,base,Link,MU2B7 access link,300,0.0546875,0.0042476107,0.0109375
8,base,Link,PP2B7L access link,300,0.0546875,0.0042476107,0.0109375
8,base,Device,PP2B7L,150,0.0546875,0.0084951956,0.021875
8,base,Device,MU1B8,150,0.0546875,0.0084951956,0.021875
8,base,Link,MU1B8 access link,300,0.0546875,0.0042476107,0.0109375
8,base,Device,PP1B8L,150,0.0546875,0.0084951956,0.021875
8,base,Link,PP1B8L access link,300,0.0546875,0.0042476107,0.0109375
8,base,Device,MU2B8,150,0.0546875,0.0084951956,0.021875
8,base,Link,MU2B8 access link,300,0.0546875,0.0042476107,0.0109375
8,base,Link,PP2B8L access link,300,0.0546875,0.0042476107,0.0109375
8,base,Device,PP2B8L,150,0.0546875,0.0084951956,0.021875
9,base,Device,MU1B1,150,0.048611111,0.007494691,0.019444444
9,base,Link,MU1B1 access link,300,0.048611111,0.0037473569,0.0097222222
9,base,Device,BBP,150,0.25,0.038544125,0.1
9,base,Switch,SW1,50,0.58333333,0.26980559,0.7
9,base,Link,BBP access link,300,0.25,0.019272121,0.05
9,base,Device,PP1B1L,150,0.048611111,0.007494691,0.019444444
9,base,Link,PP1B1L access link,300,0.048611111,0.0037473569,0.0097222222
9,base,Device,MU2B1,150,0.048611111,0.007494691,0.019444444
9,base,Link,MU2B1 access link,300,0.048611111,0.0037473569,0.0097222222
9,base,Link,PP2B1L access link,300,0.048611111,0.0037473569,0.0097222222
9,base,Device,PP2B1L,150,0.048611111,0.007494691,0.019444444
9,base,Link,MU1B2 access link,300,0.048611111,0.0037473569,0.0097222222
9,base,Device,MU1B2,150,0.048611111,0.007494691,0.019444444
9,base,Link,PP1B2L access link,300,0.048611111,0.0037473569,0.0097222222
9,base,Device,PP1B2L,150,0.048611111,0.007494691,0.019444444
9,base,Link,MU2B2 access link,300,0.048611111,0.0037473569,0.0097222222
9,base,Device,MU2B2,150,0.048611111,0.007494691,0.019444444
9,base,Link,PP2B2L access link,300,0.048611111,0.0037473569,0.0097222222
9,base,Device,PP2B2L,150,0.048611111,0.007494691,0.019444444
9,base,Device,MU1B3,150,0.048611111,0.007494691,0.019444444
9,base,Link,MU1B3 access link,300,0.048611111,0.0037473569,0.0097222222
9,base,Device,PP1B3L,150,0.048611111,0.007494691,0.019444444
9,base,Link,PP1B3L access link,300,0.048611111,0.0037473569,0.0097222222
9,base,Link,MU2B3 access link,300,0.048611111,0.0037473569,0.0097222222
9,base,Device,MU2B3,150,0.048611111,0.007494691,0.019444444
9,base,Link,PP2B3L access link,300,0.048611111,0.0037473569,0.0097222222
9,base,Device,PP2B3L,150,0.048611111,0.007494691,0.019444444
9,base,Device,MU1B4,150,0.048611111,0.007494691,0.019444444
9,base,Link,MU1B4 access link,300,0.048611111,0.0037473569,0.0097222222
9,base,Device,PP1B4L,150,0.048611111,0.007494691,0.019444444
9,base,Link,PP1B4L access link,300,0.048611111,0.0037473569,0.0097222222
9,base,Link,MU2B4 access link,300,0.048611111,0.0037473569,0.0097222222
9,base,Device,MU2B4,150,0.048611111,0.007494691,0.019444444
9,base,Link,PP2B4L access link,300,0.048611111,0.0037473569,0.0097222222
9,base,Device,PP2B4L,150,0.048611111,0.007494691,0.019444444
9,base,Switch,SW2,50,0.55555556,0.25695771,0.66666667
9,base,Trunk,Trunk SW1--SW2,300,0.13888889,0.010706734,0.027777778
9,base,Device,MU1B5,150,0.048611111,0.007494691,0.019444444
9,base,Link,MU1B5 access link,300,0.048611111,0.0037473569,0.0097222222
9,base,Device,PP1B5L,150,0.048611111,0.007494691,0.019444444
9,base,Link,PP1B5L access link,300,0.048611111,0.0037473569,0.0097222222
9,base,Link,MU2B5 access link,300,0.048611111,0.0037473569,0.0097222222
9,base,Device,MU2B5,150,0.048611111,0.007494691,0.019444444
9,base,Device,PP2B5L,150,0.048611111,0.007494691,0.019444444
9,base,Link,PP2B5L access link,300,0.048611111,0.0037473569,0.0097222222
9,base,Link,MU1B6 access link,300,0.048611111,0.0037473569,0.0097222222
9,base,Device,MU1B6,150,0.048611111,0.007494691,0.019444444
9,base,Link,PP1B6L access link,300,0.048611111,0.0037473569,0.0097222222
9,base,Device,PP1B6L,150,0.048611111,0.007494691,0.019444444
9,base,Device,MU2B6,150,0.048611111,0.007494691,0.019444444
9,base,Link,MU2B6 access link,300,0.048611111,0.0037473569,0.0097222222
9,base,Device,PP2B6L,150,0.048611111,0.007494691,0.019444444
9,base,Link,PP2B6L access link,300,0.048611111,0.0037473569,0.0097222222
9,base,Link,MU1B7 access link,300,0.048611111,0.0037473569,0.0097222222
9,base,Device,MU1B7,150,0.048611111,0.007494691,0.019444444
9,base,Link,PP1B7L access link,300,0.048611111,0.0037473569,0.0097222222
9,base,Device,PP1B7L,150,0.048611111,0.007494691,0.019444444
9,base,Device,MU2B7,150,0.048611111,0.007494691,0.019444444
9,base,Link,MU2B7 access link,300,0.048611111,0.0037473569,0.0097222222
9,base,Link,PP2B7L access link,300,0.048611111,0.0037473569,0.0097222222
9,base,Device,PP2B7L,150,0.048611111,0.007494691,0.019444444
9,base,Device,MU1B8,150,0.048611111,0.007494691,0.019444444
9,base,Link,MU1B8 access link,300,0.048611111,0.0037473569,0.0097222222
9,base,Device,PP1B8L,150,0.048611111,0.007494691,0.019444444
9,base,Link,PP1B8L access link,300,0.048611111,0.0037473569,0.0097222222
9,base,Device,MU2B8,150,0.048611111,0.007494691,0.019444444
9,base,Link,MU2B8 access link,300,0.048611111,0.0037473569,0.0097222222
9,base,Link,PP2B8L access link,300,0.048611111,0.0037473569,0.0097222222
9,base,Device,PP2B8L,150,0.048611111,0.007494691,0.019444444
9,base,Device,MU1B9,150,0.048611111,0.007494691,0.019444444
9,base,Link,MU1B9 access link,300,0.048611111,0.0037473569,0.0097222222
9,base,Device,PP1B9L,150,0.048611111,0.007494691,0.019444444
9,base,Link,PP1B9L access link,300,0.048611111,0.0037473569,0.0097222222
9,base,Link,MU2B9 access link,300,0.048611111,0.0037473569,0.0097222222
9,base,Device,MU2B9,150,0.048611111,0.007494691,0.019444444
9,base,Device,PP2B9L,150,0.048611111,0.007494691,0.019444444
9,base,Link,PP2B9L access link,300,0.048611111,0.0037473569,0.0097222222
10,base,Device,MU1B1,150,0.04375,0.0067961565,0.0175
10,base,Link,MU1B1 access link,300,0.04375,0.0033980886,0.00875
10,base,Device,BBP,150,0.25,0.03883518,0.1
10,base,Switch,SW1,50,0.625,0.2912603,0.75
10,base,Link,BBP access link,300,0.25,0.019417649,0.05
10,base,Device,PP1B1L,150,0.04375,0.0067961565,0.0175
10,base,Link,PP1B1L access link,300,0.04375,0.0033980886,0.00875
10,base,Device,MU2B1,150,0.04375,0.0067961565,0.0175
10,base,Link,MU2B1 access link,300,0.04375,0.0033980886,0.00875
10,base,Link,PP2B1L access link,300,0.04375,0.0033980886,0.00875
10,base,Device,PP2B1L,150,0.04375,0.0067961565,0.0175
10,base,Link,MU1B2 access link,300,0.04375,0.0033980886,0.00875
10,base,Device,MU1B2,150,0.04375,0.0067961565,0.0175
10,base,Link,PP1B2L access link,300,0.04375,0.0033980886,0.00875
10,base,Device,PP1B2L,150,0.04375,0.0067961565,0.0175
10,base,Link,MU2B2 access link,300,0.04375,0.0033980886,0.00875
10,base,Device,MU2B2,150,0.04375,0.0067961565,0.0175
10,base,Link,PP2B2L access link,300,0.04375,0.0033980886,0.00875
10,base,Device,PP2B2L,150,0.04375,0.0067961565,0.0175
10,base,Device,MU1B3,150,0.04375,0.0067961565,0.0175
10,base,Link,MU1B3 access link,300,0.04375,0.0033980886,0.00875
10,base,Device,PP1B3L,150,0.04375,0.0067961565,0.0175
10,base,Link,PP1B3L access link,300,0.04375,0.0033980886,0.00875
10,base,Link,MU2B3 access link,300,0.04375,0.0033980886,0.00875
10,base,Device,MU2B3,150,0.04375,0.0067961565,0.0175
10,base,Link,PP2B3L access link,300,0.04375,0.0033980886,0.00875
10,base,Device,PP2B3L,150,0.04375,0.0067961565,0.0175
10,base,Device,MU1B4,150,0.04375,0.0067961565,0.0175
10,base,Link,MU1B4 access link,300,0.04375,0.0033980886,0.00875
10,base,Device,PP1B4L,150,0.04375,0.0067961565,0.0175
10,base,Link,PP1B4L access link,300,0.04375,0.0033980886,0.00875
10,base,Link,MU2B4 access link,300,0.04375,0.0033980886,0.00875
10,base,Device,MU2B4,150,0.04375,0.0067961565,0.0175
10,base,Link,PP2B4L access link,300,0.04375,0.0033980886,0.00875
10,base,Device,PP2B4L,150,0.04375,0.0067961565,0.0175
10,base,Device,MU1B5,150,0.04375,0.0067961565,0.0175
10,base,Link,MU1B5 access link,300,0.04375,0.0033980886,0.00875
10,base,Device,PP1B5L,150,0.04375,0.0067961565,0.0175
10,base,Link,PP1B5L access link,300,0.04375,0.0033980886,0.00875
10,base,Link,MU2B5 access link,300,0.04375,0.0033980886,0.00875
10,base,Device,MU2B5,150,0.04375,0.0067961565,0.0175
10,base,Device,PP2B5L,150,0.04375,0.0067961565,0.0175
10,base,Link,PP2B5L access link,300,0.04375,0.0033980886,0.00875
10,base,Switch,SW2,50,0.5,0.23300824,0.6
10,base,Link,MU1B6 access link,300,0.04375,0.0033980886,0.00875
10,base,Trunk,Trunk SW1--SW2,300,0.125,0.0097088245,0.025
10,base,Device,MU1B6,150,0.04375,0.0067961565,0.0175
10,base,Link,PP1B6L access link,300,0.04375,0.0033980886,0.00875
10,base,Device,PP1B6L,150,0.04375,0.0067961565,0.0175
10,base,Device,MU2B6,150,0.04375,0.0067961565,0.0175
10,base,Link,MU2B6 access link,300,0.04375,0.0033980886,0.00875
10,base,Device,PP2B6L,150,0.04375,0.0067961565,0.0175
10,base,Link,PP2B6L access link,300,0.04375,0.0033980886,0.00875
10,base,Link,MU1B7 access link,300,0.04375,0.0033980886,0.00875
10,base,Device,MU1B7,150,0.04375,0.0067961565,0.0175
10,base,Link,PP1B7L access link,300,0.04375,0.0033980886,0.00875
10,base,Device,PP1B7L,150,0.04375,0.0067961565,0.0175
10,base,Device,MU2B7,150,0.04375,0.0067961565,0.0175
10,base,Link,MU2B7 access link,300,0.04375,0.0033980886,0.00875
10,base,Link,PP2B7L access link,300,0.04375,0.0033980886,0.00875
10,base,Device,PP2B7L,150,0.04375,0.0067961565,0.0175
10,base,Device,MU1B8,150,0.04375,0.0067961565,0.0175
10,base,Link,MU1B8 access link,300,0.04375,0.0033980886,0.00875
10,base,Device,PP1B8L,150,0.04375,0.0067961565,0.0175
10,base,Link,PP1B8L access link,300,0.04375,0.0033980886,0.00875
10,base,Device,MU2B8,150,0.04375,0.0067961565,0.0175
10,base,Link,MU2B8 access link,300,0.04375,0.0033980886,0.00875
10,base,Link,PP2B8L access link,300,0.04375,0.0033980886,0.00875
10,base,Device,PP2B8L,150,0.04375,0.0067961565,0.0175
10,base,Device,MU1B9,150,0.04375,0.0067961565,0.0175
10,base,Link,MU1B9 access link,300,0.04375,0.0033980886,0.00875
10,base,Device,PP1B9L,150,0.04375,0.0067961565,0.0175
10,base,Link,PP1B9L access link,300,0.04375,0.0033980886,0.00875
10,base,Link,MU2B9 access link,300,0.04375,0.0033980886,0.00875
10,base,Device,MU2B9,150,0.04375,0.0067961565,0.0175
10,base,Device,PP2B9L,150,0.04375,0.0067961565,0.0175
10,base,Link,PP2B9L access link,300,0.04375,0.0033980886,0.00875
10,base,Link,MU1B10 access link,300,0.04375,0.0033980886,0.00875
10,base,Device,MU1B10,150,0.04375,0.0067961565,0.0175
10,base,Device,PP1B10L,150,0.04375,0.0067961565,0.0175
10,base,Link,PP1B10L access link,300,0.04375,0.0033980886,0.00875
10,base,Link,MU2B10 access link,300,0.04375,0.0033980886,0.00875
10,base,Device,MU2B10,150,0.04375,0.0067961565,0.0175
10,base,Device,PP2B10L,150,0.04375,0.0067961565,0.0175
10,base,Link,PP2B10L access link,300,0.04375,0.0033980886,0.00875
1,bbp_only,Device,MU1B1,150,0.4375,0.072917074,0.175
1,bbp_only,Link,MU1B1 access link,300,0.4375,0.036458648,0.0875
1,bbp_only,Device,BBP,150,0.25,0.041666899,0.1
1,bbp_only,Switch,SW1,50,1,0.4999967,1.2
1,bbp_only,Link,BBP access link,300,0.25,0.020833513,0.05
1,bbp_only,Device,PP1B1L,150,0.4375,0.072917074,0.175
1,bbp_only,Link,PP1B1L access link,300,0.4375,0.036458648,0.0875
1,bbp_only,Device,MU2B1,150,0.4375,0.072917074,0.175
1,bbp_only,Link,MU2B1 access link,300,0.4375,0.036458648,0.0875
1,bbp_only,Link,PP2B1L access link,300,0.4375,0.036458648,0.0875
1,bbp_only,Device,PP2B1L,150,0.4375,0.072917074,0.175
2,bbp_only,Device,MU1B1,150,0.21875,0.036458537,0.0875
2,bbp_only,Link,MU1B1 access link,300,0.21875,0.018229324,0.04375
2,bbp_only,Device,BBP,150,0.25,0.041666899,0.1
2,bbp_only,Switch,SW1,50,1,0.4999967,1.2
2,bbp_only,Link,BBP access link,300,0.25,0.020833513,0.05
2,bbp_only,Device,PP1B1L,150,0.21875,0.036458537,0.0875
2,bbp_only,Link,PP1B1L access link,300,0.21875,0.018229324,0.04375
2,bbp_only,Device,MU2B1,150,0.21875,0.036458537,0.0875
2,bbp_only,Link,MU2B1 access link,300,0.21875,0.018229324,0.04375
2,bbp_only,Link,PP2B1L access link,300,0.21875,0.018229324,0.04375
2,bbp_only,Device,PP2B1L,150,0.21875,0.036458537,0.0875
2,bbp_only,Link,MU1B2 access link,300,0.21875,0.018229324,0.04375
2,bbp_only,Device,MU1B2,150,0.21875,0.036458537,0.0875
2,bbp_only,Link,PP1B2L access link,300,0.21875,0.018229324,0.04375
2,bbp_only,Device,PP1B2L,150,0.21875,0.036458537,0.0875
2,bbp_only,Link,MU2B2 access link,300,0.21875,0.018229324,0.04375
2,bbp_only,Device,MU2B2,150,0.21875,0.036458537,0.0875
2,bbp_only,Link,PP2B2L access link,300,0.21875,0.018229324,0.04375
2,bbp_only,Device,PP2B2L,150,0.21875,0.036458537,0.0875
3,bbp_only,Device,MU1B1,150,0.14583333,0.024305691,0.058333333
3,bbp_only,Link,MU1B1 access link,300,0.14583333,0.012152883,0.029166667
3,bbp_only,Device,BBP,150,0.25,0.041666899,0.1
3,bbp_only,Switch,SW1,50,1,0.4999967,1.2
3,bbp_only,Link,BBP access link,300,0.25,0.020833513,0.05
3,bbp_only,Device,PP1B1L,150,0.14583333,0.024305691,0.058333333
3,bbp_only,Link,PP1B1L access link,300,0.14583333,0.012152883,0.029166667
3,bbp_only,Device,MU2B1,150,0.14583333,0.024305691,0.058333333
3,bbp_only,Link,MU2B1 access link,300,0.14583333,0.012152883,0.029166667
3,bbp_only,Link,PP2B1L access link,300,0.14583333,0.012152883,0.029166667
3,bbp_only,Device,PP2B1L,150,0.14583333,0.024305691,0.058333333
3,bbp_only,Link,MU1B2 access link,300,0.14583333,0.012152883,0.029166667
3,bbp_only,Device,MU1B2,150,0.14583333,0.024305691,0.058333333
3,bbp_only,Link,PP1B2L access link,300,0.14583333,0.012152883,0.029166667
3,bbp_only,Device,PP1B2L,150,0.14583333,0.024305691,0.058333333
3,bbp_only,Link,MU2B2 access link,300,0.14583333,0.012152883,0.029166667
3,bbp_only,Device,MU2B2,150,0.14583333,0.024305691,0.058333333
3,bbp_only,Link,PP2B2L access link,300,0.14583333,0.012152883,0.029166667
3,bbp_only,Device,PP2B2L,150,0.14583333,0.024305691,0.058333333
3,bbp_only,Device,MU1B3,150,0.14583333,0.024305691,0.058333333
3,bbp_only,Link,MU1B3 access link,300,0.14583333,0.012152883,0.029166667
3,bbp_only,Device,PP1B3L,150,0.14583333,0.024305691,0.058333333
3,bbp_only,Link,PP1B3L access link,300,0.14583333,0.012152883,0.029166667
3,bbp_only,Link,MU2B3 access link,300,0.14583333,0.012152883,0.029166667
3,bbp_only,Device,MU2B3,150,0.14583333,0.024305691,0.058333333
3,bbp_only,Link,PP2B3L access link,300,0.14583333,0.012152883,0.029166667
3,bbp_only,Device,PP2B3L,150,0.14583333,0.024305691,0.058333333
4,bbp_only,Device,MU1B1,150,0.109375,0.018229268,0.04375
4,bbp_only,Link,MU1B1 access link,300,0.109375,0.0091146619,0.021875
4,bbp_only,Device,BBP,150,0.25,0.041666899,0.1
4,bbp_only,Switch,SW1,50,1,0.4999967,1.2
4,bbp_only,Link,BBP access link,300,0.25,0.020833513,0.05
4,bbp_only,Device,PP1B1L,150,0.109375,0.018229268,0.04375
4,bbp_only,Link,PP1B1L access link,300,0.109375,0.0091146619,0.021875
4,bbp_only,Device,MU2B1,150,0.109375,0.018229268,0.04375
4,bbp_only,Link,MU2B1 access link,300,0.109375,0.0091146619,0.021875
4,bbp_only,Link,PP2B1L access link,300,0.109375,0.0091146619,0.021875
4,bbp_only,Device,PP2B1L,150,0.109375,0.018229268,0.04375
4,bbp_only,Link,MU1B2 access link,300,0.109375,0.0091146619,0.021875
4,bbp_only,Device,MU1B2,150,0.109375,0.018229268,0.04375
4,bbp_only,Link,PP1B2L access link,300,0.109375,0.0091146619,0.021875
4,bbp_only,Device,PP1B2L,150,0.109375,0.018229268,0.04375
4,bbp_only,Link,MU2B2 access link,300,0.109375,0.0091146619,0.021875
4,bbp_only,Device,MU2B2,150,0.109375,0.018229268,0.04375
4,bbp_only,Link,PP2B2L access link,300,0.109375,0.0091146619,0.021875
4,bbp_only,Device,PP2B2L,150,0.109375,0.018229268,0.04375
4,bbp_only,Device,MU1B3,150,0.109375,0.018229268,0.04375
4,bbp_only,Link,MU1B3 access link,300,0.109375,0.0091146619,0.021875
4,bbp_only,Device,PP1B3L,150,0.109375,0.018229268,0.04375
4,bbp_only,Link,PP1B3L access link,300,0.109375,0.0091146619,0.021875
4,bbp_only,Link,MU2B3 access link,300,0.109375,0.0091146619,0.021875
4,bbp_only,Device,MU2B3,150,0.109375,0.018229268,0.04375
4,bbp_only,Link,PP2B3L access link,300,0.109375,0.0091146619,0.021875
4,bbp_only,Device,PP2B3L,150,0.109375,0.018229268,0.04375
4,bbp_only,Device,MU1B4,150,0.109375,0.018229268,0.04375
4,bbp_only,Link,MU1B4 access link,300,0.109375,0.0091146619,0.021875
4,bbp_only,Device,PP1B4L,150,0.109375,0.018229268,0.04375
4,bbp_only,Link,PP1B4L access link,300,0.109375,0.0091146619,0.021875
4,bbp_only,Link,MU2B4 access link,300,0.109375,0.0091146619,0.021875
4,bbp_only,Device,MU2B4,150,0.109375,0.018229268,0.04375
4,bbp_only,Link,PP2B4L access link,300,0.109375,0.0091146619,0.021875
4,bbp_only,Device,PP2B4L,150,0.109375,0.018229268,0.04375
5,bbp_only,Device,MU1B1,150,0.0875,0.014583415,0.035
5,bbp_only,Link,MU1B1 access link,300,0.0875,0.0072917296,0.0175
5,bbp_only,Device,BBP,150,0.25,0.041666899,0.1
5,bbp_only,Switch,SW1,50,1,0.4999967,1.2
5,bbp_only,Link,BBP access link,300,0.25,0.020833513,0.05
5,bbp_only,Device,PP1B1L,150,0.0875,0.014583415,0.035
5,bbp_only,Link,PP1B1L access link,300,0.0875,0.0072917296,0.0175
5,bbp_only,Device,MU2B1,150,0.0875,0.014583415,0.035
5,bbp_only,Link,MU2B1 access link,300,0.0875,0.0072917296,0.0175
5,bbp_only,Link,PP2B1L access link,300,0.0875,0.0072917296,0.0175
5,bbp_only,Device,PP2B1L,150,0.0875,0.014583415,0.035
5,bbp_only,Link,MU1B2 access link,300,0.0875,0.0072917296,0.0175
5,bbp_only,Device,MU1B2,150,0.0875,0.014583415,0.035
5,bbp_only,Link,PP1B2L access link,300,0.0875,0.0072917296,0.0175
5,bbp_only,Device,PP1B2L,150,0.0875,0.014583415,0.035
5,bbp_only,Link,MU2B2 access link,300,0.0875,0.0072917296,0.0175
5,bbp_only,Device,MU2B2,150,0.0875,0.014583415,0.035
5,bbp_only,Link,PP2B2L access link,300,0.0875,0.0072917296,0.0175
5,bbp_only,Device,PP2B2L,150,0.0875,0.014583415,0.035
5,bbp_only,Device,MU1B3,150,0.0875,0.014583415,0.035
5,bbp_only,Link,MU1B3 access link,300,0.0875,0.0072917296,0.0175
5,bbp_only,Device,PP1B3L,150,0.0875,0.014583415,0.035
5,bbp_only,Link,PP1B3L access link,300,0.0875,0.0072917296,0.0175
5,bbp_only,Link,MU2B3 access link,300,0.0875,0.0072917296,0.0175
5,bbp_only,Device,MU2B3,150,0.0875,0.014583415,0.035
5,bbp_only,Link,PP2B3L access link,300,0.0875,0.0072917296,0.0175
5,bbp_only,Device,PP2B3L,150,0.0875,0.014583415,0.035
5,bbp_only,Device,MU1B4,150,0.0875,0.014583415,0.035
5,bbp_only,Link,MU1B4 access link,300,0.0875,0.0072917296,0.0175
5,bbp_only,Device,PP1B4L,150,0.0875,0.014583415,0.035
5,bbp_only,Link,PP1B4L access link,300,0.0875,0.0072917296,0.0175
5,bbp_only,Link,MU2B4 access link,300,0.0875,0.0072917296,0.0175
5,bbp_only,Device,MU2B4,150,0.0875,0.014583415,0.035
5,bbp_only,Link,PP2B4L access link,300,0.0875,0.0072917296,0.0175
5,bbp_only,Device,PP2B4L,150,0.0875,0.014583415,0.035
5,bbp_only,Device,MU1B5,150,0.0875,0.014583415,0.035
5,bbp_only,Link,MU1B5 access link,300,0.0875,0.0072917296,0.0175
5,bbp_only,Device,PP1B5L,150,0.0875,0.014583415,0.035
5,bbp_only,Link,PP1B5L access link,300,0.0875,0.0072917296,0.0175
5,bbp_only,Link,MU2B5 access link,300,0.0875,0.0072917296,0.0175
5,bbp_only,Device,MU2B5,150,0.0875,0.014583415,0.035
5,bbp_only,Device,PP2B5L,150,0.0875,0.014583415,0.035
5,bbp_only,Link,PP2B5L access link,300,0.0875,0.0072917296,0.0175
6,bbp_only,Device,MU1B1,150,0.072916667,0.011326927,0.029166667
6,bbp_only,Link,MU1B1 access link,300,0.072916667,0.005663481,0.014583333
6,bbp_only,Device,BBP,150,0.25,0.03883518,0.1
6,bbp_only,Switch,SW1,50,0.625,0.2912603,0.75
6,bbp_only,Link,BBP access link,300,0.25,0.019417649,0.05
6,bbp_only,Device,PP1B1L,150,0.072916667,0.011326927,0.029166667
6,bbp_only,Link,PP1B1L access link,300,0.072916667,0.005663481,0.014583333
6,bbp_only,Device,MU2B1,150,0.072916667,0.011326927,0.029166667
6,bbp_only,Link,MU2B1 access link,300,0.072916667,0.005663481,0.014583333
6,bbp_only,Link,PP2B1L access link,300,0.072916667,0.005663481,0.014583333
6,bbp_only,Device,PP2B1L,150,0.072916667,0.011326927,0.029166667
6,bbp_only,Link,MU1B2 access link,300,0.072916667,0.005663481,0.014583333
6,bbp_only,Device,MU1B2,150,0.072916667,0.011326927,0.029166667
6,bbp_only,Link,PP1B2L access link,300,0.072916667,0.005663481,0.014583333
6,bbp_only,Device,PP1B2L,150,0.072916667,0.011326927,0.029166667
6,bbp_only,Link,MU2B2 access link,300,0.072916667,0.005663481,0.014583333
6,bbp_only,Device,MU2B2,150,0.072916667,0.011326927,0.029166667
6,bbp_only,Link,PP2B2L access link,300,0.072916667,0.005663481,0.014583333
6,bbp_only,Device,PP2B2L,150,0.072916667,0.011326927,0.029166667
6,bbp_only,Device,MU1B3,150,0.072916667,0.011326927,0.029166667
6,bbp_only,Link,MU1B3 access link,300,0.072916667,0.005663481,0.014583333
6,bbp_only,Device,PP1B3L,150,0.072916667,0.011326927,0.029166667
6,bbp_only,Link,PP1B3L access link,300,0.072916667,0.005663481,0.014583333
6,bbp_only,Link,MU2B3 access link,300,0.072916667,0.005663481,0.014583333
6,bbp_only,Device,MU2B3,150,0.072916667,0.011326927,0.029166667
6,bbp_only,Link,PP2B3L access link,300,0.072916667,0.005663481,0.014583333
6,bbp_only,Device,PP2B3L,150,0.072916667,0.011326927,0.029166667
6,bbp_only,Switch,SW2,50,0.5,0.23300824,0.6
6,bbp_only,Device,MU1B4,150,0.072916667,0.011326927,0.029166667
6,bbp_only,Trunk,Trunk SW1--SW2,300,0.125,0.0097088245,0.025
6,bbp_only,Link,MU1B4 access link,300,0.072916667,0.005663481,0.014583333
6,bbp_only,Device,PP1B4L,150,0.072916667,0.011326927,0.029166667
6,bbp_only,Link,PP1B4L access link,300,0.072916667,0.005663481,0.014583333
6,bbp_only,Device,MU2B4,150,0.072916667,0.011326927,0.029166667
6,bbp_only,Link,MU2B4 access link,300,0.072916667,0.005663481,0.014583333
6,bbp_only,Link,PP2B4L access link,300,0.072916667,0.005663481,0.014583333
6,bbp_only,Device,PP2B4L,150,0.072916667,0.011326927,0.029166667
6,bbp_only,Device,MU1B5,150,0.072916667,0.011326927,0.029166667
6,bbp_only,Link,MU1B5 access link,300,0.072916667,0.005663481,0.014583333
6,bbp_only,Device,PP1B5L,150,0.072916667,0.011326927,0.029166667
6,bbp_only,Link,PP1B5L access link,300,0.072916667,0.005663481,0.014583333
6,bbp_only,Link,MU2B5 access link,300,0.072916667,0.005663481,0.014583333
6,bbp_only,Device,MU2B5,150,0.072916667,0.011326927,0.029166667
6,bbp_only,Device,PP2B5L,150,0.072916667,0.011326927,0.029166667
6,bbp_only,Link,PP2B5L access link,300,0.072916667,0.005663481,0.014583333
6,bbp_only,Link,MU1B6 access link,300,0.072916667,0.005663481,0.014583333
6,bbp_only,Device,MU1B6,150,0.072916667,0.011326927,0.029166667
6,bbp_only,Link,PP1B6L access link,300,0.072916667,0.005663481,0.014583333
6,bbp_only,Device,PP1B6L,150,0.072916667,0.011326927,0.029166667
6,bbp_only,Device,MU2B6,150,0.072916667,0.011326927,0.029166667
6,bbp_only,Link,MU2B6 access link,300,0.072916667,0.005663481,0.014583333
6,bbp_only,Device,PP2B6L,150,0.072916667,0.011326927,0.029166667
6,bbp_only,Link,PP2B6L access link,300,0.072916667,0.005663481,0.014583333
7,bbp_only,Device,MU1B1,150,0.0625,0.0096154415,0.025
7,bbp_only,Link,MU1B1 access link,300,0.0625,0.0048077354,0.0125
7,bbp_only,Device,BBP,150,0.25,0.038461766,0.1
7,bbp_only,Switch,SW1,50,0.57142857,0.26373461,0.68571429
7,bbp_only,Link,BBP access link,300,0.25,0.019230942,0.05
7,bbp_only,Device,PP1B1L,150,0.0625,0.0096154415,0.025
7,bbp_only,Link,PP1B1L access link,300,0.0625,0.0048077354,0.0125
7,bbp_only,Device,MU2B1,150,0.0625,0.0096154415,0.025
7,bbp_only,Link,MU2B1 access link,300,0.0625,0.0048077354,0.0125
7,bbp_only,Link,PP2B1L access link,300,0.0625,0.0048077354,0.0125
7,bbp_only,Device,PP2B1L,150,0.0625,0.0096154415,0.025
7,bbp_only,Link,MU1B2 access link,300,0.0625,0.0048077354,0.0125
7,bbp_only,Device,MU1B2,150,0.0625,0.0096154415,0.025
7,bbp_only,Link,PP1B2L access link,300,0.0625,0.0048077354,0.0125
7,bbp_only,Device,PP1B2L,150,0.0625,0.0096154415,0.025
7,bbp_only,Link,MU2B2 access link,300,0.0625,0.0048077354,0.0125
7,bbp_only,Device,MU2B2,150,0.0625,0.0096154415,0.025
7,bbp_only,Link,PP2B2L access link,300,0.0625,0.0048077354,0.0125
7,bbp_only,Device,PP2B2L,150,0.0625,0.0096154415,0.025
7,bbp_only,Device,MU1B3,150,0.0625,0.0096154415,0.025
7,bbp_only,Link,MU1B3 access link,300,0.0625,0.0048077354,0.0125
7,bbp_only,Device,PP1B3L,150,0.0625,0.0096154415,0.025
7,bbp_only,Link,PP1B3L access link,300,0.0625,0.0048077354,0.0125
7,bbp_only,Link,MU2B3 access link,300,0.0625,0.0048077354,0.0125
7,bbp_only,Device,MU2B3,150,0.0625,0.0096154415,0.025
7,bbp_only,Link,PP2B3L access link,300,0.0625,0.0048077354,0.0125
7,bbp_only,Device,PP2B3L,150,0.0625,0.0096154415,0.025
7,bbp_only,Switch,SW2,50,0.57142857,0.26373461,0.68571429
7,bbp_only,Device,MU1B4,150,0.0625,0.0096154415,0.025
7,bbp_only,Trunk,Trunk SW1--SW2,300,0.14285714,0.01098911,0.028571429
7,bbp_only,Link,MU1B4 access link,300,0.0625,0.0048077354,0.0125
7,bbp_only,Device,PP1B4L,150,0.0625,0.0096154415,0.025
7,bbp_only,Link,PP1B4L access link,300,0.0625,0.0048077354,0.0125
7,bbp_only,Device,MU2B4,150,0.0625,0.0096154415,0.025
7,bbp_only,Link,MU2B4 access link,300,0.0625,0.0048077354,0.0125
7,bbp_only,Link,PP2B4L access link,300,0.0625,0.0048077354,0.0125
7,bbp_only,Device,PP2B4L,150,0.0625,0.0096154415,0.025
7,bbp_only,Device,MU1B5,150,0.0625,0.0096154415,0.025
7,bbp_only,Link,MU1B5 access link,300,0.0625,0.0048077354,0.0125
7,bbp_only,Device,PP1B5L,150,0.0625,0.0096154415,0.025
7,bbp_only,Link,PP1B5L access link,300,0.0625,0.0048077354,0.0125
7,bbp_only,Link,MU2B5 access link,300,0.0625,0.0048077354,0.0125
7,bbp_only,Device,MU2B5,150,0.0625,0.0096154415,0.025
7,bbp_only,Device,PP2B5L,150,0.0625,0.0096154415,0.025
7,bbp_only,Link,PP2B5L access link,300,0.0625,0.0048077354,0.0125
7,bbp_only,Link,MU1B6 access link,300,0.0625,0.0048077354,0.0125
7,bbp_only,Device,MU1B6,150,0.0625,0.0096154415,0.025
7,bbp_only,Link,PP1B6L access link,300,0.0625,0.0048077354,0.0125
7,bbp_only,Device,PP1B6L,150,0.0625,0.0096154415,0.025
7,bbp_only,Device,MU2B6,150,0.0625,0.0096154415,0.025
7,bbp_only,Link,MU2B6 access link,300,0.0625,0.0048077354,0.0125
7,bbp_only,Device,PP2B6L,150,0.0625,0.0096154415,0.025
7,bbp_only,Link,PP2B6L access link,300,0.0625,0.0048077354,0.0125
7,bbp_only,Link,MU1B7 access link,300,0.0625,0.0048077354,0.0125
7,bbp_only,Device,MU1B7,150,0.0625,0.0096154415,0.025
7,bbp_only,Link,PP1B7L access link,300,0.0625,0.0048077354,0.0125
7,bbp_only,Device,PP1B7L,150,0.0625,0.0096154415,0.025
7,bbp_only,Device,MU2B7,150,0.0625,0.0096154415,0.025
7,bbp_only,Link,MU2B7 access link,300,0.0625,0.0048077354,0.0125
7,bbp_only,Link,PP2B7L access link,300,0.0625,0.0048077354,0.0125
7,bbp_only,Device,PP2B7L,150,0.0625,0.0096154415,0.025
8,bbp_only,Device,MU1B1,150,0.0546875,0.0084951956,0.021875
8,bbp_only,Link,MU1B1 access link,300,0.0546875,0.0042476107,0.0109375
8,bbp_only,Device,BBP,150,0.25,0.03883518,0.1
8,bbp_only,Switch,SW1,50,0.625,0.2912603,0.75
8,bbp_only,Link,BBP access link,300,0.25,0.019417649,0.05
8,bbp_only,Device,PP1B1L,150,0.0546875,0.0084951956,0.021875
8,bbp_only,Link,PP1B1L access link,300,0.0546875,0.0042476107,0.0109375
8,bbp_only,Device,MU2B1,150,0.0546875,0.0084951956,0.021875
8,bbp_only,Link,MU2B1 access link,300,0.0546875,0.0042476107,0.0109375
8,bbp_only,Link,PP2B1L access link,300,0.0546875,0.0042476107,0.0109375
8,bbp_only,Device,PP2B1L,150,0.0546875,0.0084951956,0.021875
8,bbp_only,Link,MU1B2 access link,300,0.0546875,0.0042476107,0.0109375
8,bbp_only,Device,MU1B2,150,0.0546875,0.0084951956,0.021875
8,bbp_only,Link,PP1B2L access link,300,0.0546875,0.0042476107,0.0109375
8,bbp_only,Device,PP1B2L,150,0.0546875,0.0084951956,0.021875
8,bbp_only,Link,MU2B2 access link,300,0.0546875,0.0042476107,0.0109375
8,bbp_only,Device,MU2B2,150,0.0546875,0.0084951956,0.021875
8,bbp_only,Link,PP2B2L access link,300,0.0546875,0.0042476107,0.0109375
8,bbp_only,Device,PP2B2L,150,0.0546875,0.0084951956,0.021875
8,bbp_only,Device,MU1B3,150,0.0546875,0.0084951956,0.021875
8,bbp_only,Link,MU1B3 access link,300,0.0546875,0.0042476107,0.0109375
8,bbp_only,Device,PP1B3L,150,0.0546875,0.0084951956,0.021875
8,bbp_only,Link,PP1B3L access link,300,0.0546875,0.0042476107,0.0109375
8,bbp_only,Link,MU2B3 access link,300,0.0546875,0.0042476107,0.0109375
8,bbp_only,Device,MU2B3,150,0.0546875,0.0084951956,0.021875
8,bbp_only,Link,PP2B3L access link,300,0.0546875,0.0042476107,0.0109375
8,bbp_only,Device,PP2B3L,150,0.0546875,0.0084951956,0.021875
8,bbp_only,Device,MU1B4,150,0.0546875,0.0084951956,0.021875
8,bbp_only,Link,MU1B4 access link,300,0.0546875,0.0042476107,0.0109375
8,bbp_only,Device,PP1B4L,150,0.0546875,0.0084951956,0.021875
8,bbp_only,Link,PP1B4L access link,300,0.0546875,0.0042476107,0.0109375
8,bbp_only,Link,MU2B4 access link,300,0.0546875,0.0042476107,0.0109375
8,bbp_only,Device,MU2B4,150,0.0546875,0.0084951956,0.021875
8,bbp_only,Link,PP2B4L access link,300,0.0546875,0.0042476107,0.0109375
8,bbp_only,Device,PP2B4L,150,0.0546875,0.0084951956,0.021875
8,bbp_only,Switch,SW2,50,0.5,0.23300824,0.6
8,bbp_only,Trunk,Trunk SW1--SW2,300,0.125,0.0097088245,0.025
8,bbp_only,Device,MU1B5,150,0.0546875,0.0084951956,0.021875
8,bbp_only,Link,MU1B5 access link,300,0.0546875,0.0042476107,0.0109375
8,bbp_only,Device,PP1B5L,150,0.0546875,0.0084951956,0.021875
8,bbp_only,Link,PP1B5L access link,300,0.0546875,0.0042476107,0.0109375
8,bbp_only,Link,MU2B5 access link,300,0.0546875,0.0042476107,0.0109375
8,bbp_only,Device,MU2B5,150,0.0546875,0.0084951956,0.021875
8,bbp_only,Device,PP2B5L,150,0.0546875,0.0084951956,0.021875
8,bbp_only,Link,PP2B5L access link,300,0.0546875,0.0042476107,0.0109375
8,bbp_only,Link,MU1B6 access link,300,0.0546875,0.0042476107,0.0109375
8,bbp_only,Device,MU1B6,150,0.0546875,0.0084951956,0.021875
8,bbp_only,Link,PP1B6L access link,300,0.0546875,0.0042476107,0.0109375
8,bbp_only,Device,PP1B6L,150,0.0546875,0.0084951956,0.021875
8,bbp_only,Device,MU2B6,150,0.0546875,0.0084951956,0.021875
8,bbp_only,Link,MU2B6 access link,300,0.0546875,0.0042476107,0.0109375
8,bbp_only,Device,PP2B6L,150,0.0546875,0.0084951956,0.021875
8,bbp_only,Link,PP2B6L access link,300,0.0546875,0.0042476107,0.0109375
8,bbp_only,Link,MU1B7 access link,300,0.0546875,0.0042476107,0.0109375
8,bbp_only,Device,MU1B7,150,0.0546875,0.0084951956,0.021875
8,bbp_only,Link,PP1B7L access link,300,0.0546875,0.0042476107,0.0109375
8,bbp_only,Device,PP1B7L,150,0.0546875,0.0084951956,0.021875
8,bbp_only,Device,MU2B7,150,0.0546875,0.0084951956,0.021875
8,bbp_only,Link,MU2B7 access link,300,0.0546875,0.0042476107,0.0109375
8,bbp_only,Link,PP2B7L access link,300,0.0546875,0.0042476107,0.0109375
8,bbp_only,Device,PP2B7L,150,0.0546875,0.0084951956,0.021875
8,bbp_only,Device,MU1B8,150,0.0546875,0.0084951956,0.021875
8,bbp_only,Link,MU1B8 access link,300,0.0546875,0.0042476107,0.0109375
8,bbp_only,Device,PP1B8L,150,0.0546875,0.0084951956,0.021875
8,bbp_only,Link,PP1B8L access link,300,0.0546875,0.0042476107,0.0109375
8,bbp_only,Device,MU2B8,150,0.0546875,0.0084951956,0.021875
8,bbp_only,Link,MU2B8 access link,300,0.0546875,0.0042476107,0.0109375
8,bbp_only,Link,PP2B8L access link,300,0.0546875,0.0042476107,0.0109375
8,bbp_only,Device,PP2B8L,150,0.0546875,0.0084951956,0.021875
9,bbp_only,Device,MU1B1,150,0.048611111,0.007494691,0.019444444
9,bbp_only,Link,MU1B1 access link,300,0.048611111,0.0037473569,0.0097222222
9,bbp_only,Device,BBP,150,0.25,0.038544125,0.1
9,bbp_only,Switch,SW1,50,0.58333333,0.26980559,0.7
9,bbp_only,Link,BBP access link,300,0.25,0.019272121,0.05
9,bbp_only,Device,PP1B1L,150,0.048611111,0.007494691,0.019444444
9,bbp_only,Link,PP1B1L access link,300,0.048611111,0.0037473569,0.0097222222
9,bbp_only,Device,MU2B1,150,0.048611111,0.007494691,0.019444444
9,bbp_only,Link,MU2B1 access link,300,0.048611111,0.0037473569,0.0097222222
9,bbp_only,Link,PP2B1L access link,300,0.048611111,0.0037473569,0.0097222222
9,bbp_only,Device,PP2B1L,150,0.048611111,0.007494691,0.019444444
9,bbp_only,Link,MU1B2 access link,300,0.048611111,0.0037473569,0.0097222222
9,bbp_only,Device,MU1B2,150,0.048611111,0.007494691,0.019444444
9,bbp_only,Link,PP1B2L access link,300,0.048611111,0.0037473569,0.0097222222
9,bbp_only,Device,PP1B2L,150,0.048611111,0.007494691,0.019444444
9,bbp_only,Link,MU2B2 access link,300,0.048611111,0.0037473569,0.0097222222
9,bbp_only,Device,MU2B2,150,0.048611111,0.007494691,0.019444444
9,bbp_only,Link,PP2B2L access link,300,0.048611111,0.0037473569,0.0097222222
9,bbp_only,Device,PP2B2L,150,0.048611111,0.007494691,0.019444444
9,bbp_only,Device,MU1B3,150,0.048611111,0.007494691,0.019444444
9,bbp_only,Link,MU1B3 access link,300,0.048611111,0.0037473569,0.0097222222
9,bbp_only,Device,PP1B3L,150,0.048611111,0.007494691,0.019444444
9,bbp_only,Link,PP1B3L access link,300,0.048611111,0.0037473569,0.0097222222
9,bbp_only,Link,MU2B3 access link,300,0.048611111,0.0037473569,0.0097222222
9,bbp_only,Device,MU2B3,150,0.048611111,0.007494691,0.019444444
9,bbp_only,Link,PP2B3L access link,300,0.048611111,0.0037473569,0.0097222222
9,bbp_only,Device,PP2B3L,150,0.048611111,0.007494691,0.019444444
9,bbp_only,Device,MU1B4,150,0.048611111,0.007494691,0.019444444
9,bbp_only,Link,MU1B4 access link,300,0.048611111,0.0037473569,0.0097222222
9,bbp_only,Device,PP1B4L,150,0.048611111,0.007494691,0.019444444
9,bbp_only,Link,PP1B4L access link,300,0.048611111,0.0037473569,0.0097222222
9,bbp_only,Link,MU2B4 access link,300,0.048611111,0.0037473569,0.0097222222
9,bbp_only,Device,MU2B4,150,0.048611111,0.007494691,0.019444444
9,bbp_only,Link,PP2B4L access link,300,0.048611111,0.0037473569,0.0097222222
9,bbp_only,Device,PP2B4L,150,0.048611111,0.007494691,0.019444444
9,bbp_only,Switch,SW2,50,0.55555556,0.25695771,0.66666667
9,bbp_only,Trunk,Trunk SW1--SW2,300,0.13888889,0.010706734,0.027777778
9,bbp_only,Device,MU1B5,150,0.048611111,0.007494691,0.019444444
9,bbp_only,Link,MU1B5 access link,300,0.048611111,0.0037473569,0.0097222222
9,bbp_only,Device,PP1B5L,150,0.048611111,0.007494691,0.019444444
9,bbp_only,Link,PP1B5L access link,300,0.048611111,0.0037473569,0.0097222222
9,bbp_only,Link,MU2B5 access link,300,0.048611111,0.0037473569,0.0097222222
9,bbp_only,Device,MU2B5,150,0.048611111,0.007494691,0.019444444
9,bbp_only,Device,PP2B5L,150,0.048611111,0.007494691,0.019444444
9,bbp_only,Link,PP2B5L access link,300,0.048611111,0.0037473569,0.0097222222
9,bbp_only,Link,MU1B6 access link,300,0.048611111,0.0037473569,0.0097222222
9,bbp_only,Device,MU1B6,150,0.048611111,0.007494691,0.019444444
9,bbp_only,Link,PP1B6L access link,300,0.048611111,0.0037473569,0.0097222222
9,bbp_only,Device,PP1B6L,150,0.048611111,0.007494691,0.019444444
9,bbp_only,Device,MU2B6,150,0.048611111,0.007494691,0.019444444
9,bbp_only,Link,MU2B6 access link,300,0.048611111,0.0037473569,0.0097222222
9,bbp_only,Device,PP2B6L,150,0.048611111,0.007494691,0.019444444
9,bbp_only,Link,PP2B6L access link,300,0.048611111,0.0037473569,0.0097222222
9,bbp_only,Link,MU1B7 access link,300,0.048611111,0.0037473569,0.0097222222
9,bbp_only,Device,MU1B7,150,0.048611111,0.007494691,0.019444444
9,bbp_only,Link,PP1B7L access link,300,0.048611111,0.0037473569,0.0097222222
9,bbp_only,Device,PP1B7L,150,0.048611111,0.007494691,0.019444444
9,bbp_only,Device,MU2B7,150,0.048611111,0.007494691,0.019444444
9,bbp_only,Link,MU2B7 access link,300,0.048611111,0.0037473569,0.0097222222
9,bbp_only,Link,PP2B7L access link,300,0.048611111,0.0037473569,0.0097222222
9,bbp_only,Device,PP2B7L,150,0.048611111,0.007494691,0.019444444
9,bbp_only,Device,MU1B8,150,0.048611111,0.007494691,0.019444444
9,bbp_only,Link,MU1B8 access link,300,0.048611111,0.0037473569,0.0097222222
9,bbp_only,Device,PP1B8L,150,0.048611111,0.007494691,0.019444444
9,bbp_only,Link,PP1B8L access link,300,0.048611111,0.0037473569,0.0097222222
9,bbp_only,Device,MU2B8,150,0.048611111,0.007494691,0.019444444
9,bbp_only,Link,MU2B8 access link,300,0.048611111,0.0037473569,0.0097222222
9,bbp_only,Link,PP2B8L access link,300,0.048611111,0.0037473569,0.0097222222
9,bbp_only,Device,PP2B8L,150,0.048611111,0.007494691,0.019444444
9,bbp_only,Device,MU1B9,150,0.048611111,0.007494691,0.019444444
9,bbp_only,Link,MU1B9 access link,300,0.048611111,0.0037473569,0.0097222222
9,bbp_only,Device,PP1B9L,150,0.048611111,0.007494691,0.019444444
9,bbp_only,Link,PP1B9L access link,300,0.048611111,0.0037473569,0.0097222222
9,bbp_only,Link,MU2B9 access link,300,0.048611111,0.0037473569,0.0097222222
9,bbp_only,Device,MU2B9,150,0.048611111,0.007494691,0.019444444
9,bbp_only,Device,PP2B9L,150,0.048611111,0.007494691,0.019444444
9,bbp_only,Link,PP2B9L access link,300,0.048611111,0.0037473569,0.0097222222
10,bbp_only,Device,MU1B1,150,0.04375,0.0067961565,0.0175
10,bbp_only,Link,MU1B1 access link,300,0.04375,0.0033980886,0.00875
10,bbp_only,Device,BBP,150,0.25,0.03883518,0.1
10,bbp_only,Switch,SW1,50,0.625,0.2912603,0.75
10,bbp_only,Link,BBP access link,300,0.25,0.019417649,0.05
10,bbp_only,Device,PP1B1L,150,0.04375,0.0067961565,0.0175
10,bbp_only,Link,PP1B1L access link,300,0.04375,0.0033980886,0.00875
10,bbp_only,Device,MU2B1,150,0.04375,0.0067961565,0.0175
10,bbp_only,Link,MU2B1 access link,300,0.04375,0.0033980886,0.00875
10,bbp_only,Link,PP2B1L access link,300,0.04375,0.0033980886,0.00875
10,bbp_only,Device,PP2B1L,150,0.04375,0.0067961565,0.0175
10,bbp_only,Link,MU1B2 access link,300,0.04375,0.0033980886,0.00875
10,bbp_only,Device,MU1B2,150,0.04375,0.0067961565,0.0175
10,bbp_only,Link,PP1B2L access link,300,0.04375,0.0033980886,0.00875
10,bbp_only,Device,PP1B2L,150,0.04375,0.0067961565,0.0175
10,bbp_only,Link,MU2B2 access link,300,0.04375,0.0033980886,0.00875
10,bbp_only,Device,MU2B2,150,0.04375,0.0067961565,0.0175
10,bbp_only,Link,PP2B2L access link,300,0.04375,0.0033980886,0.00875
10,bbp_only,Device,PP2B2L,150,0.04375,0.0067961565,0.0175
10,bbp_only,Device,MU1B3,150,0.04375,0.0067961565,0.0175
10,bbp_only,Link,MU1B3 access link,300,0.04375,0.0033980886,0.00875
10,bbp_only,Device,PP1B3L,150,0.04375,0.0067961565,0.0175
10,bbp_only,Link,PP1B3L access link,300,0.04375,0.0033980886,0.00875
10,bbp_only,Link,MU2B3 access link,300,0.04375,0.0033980886,0.00875
10,bbp_only,Device,MU2B3,150,0.04375,0.0067961565,0.0175
10,bbp_only,Link,PP2B3L access link,300,0.04375,0.0033980886,0.00875
10,bbp_only,Device,PP2B3L,150,0.04375,0.0067961565,0.0175
10,bbp_only,Device,MU1B4,150,0.04375,0.0067961565,0.0175
10,bbp_only,Link,MU1B4 access link,300,0.04375,0.0033980886,0.00875
10,bbp_only,Device,PP1B4L,150,0.04375,0.0067961565,0.0175
10,bbp_only,Link,PP1B4L access link,300,0.04375,0.0033980886,0.00875
10,bbp_only,Link,MU2B4 access link,300,0.04375,0.0033980886,0.00875
10,bbp_only,Device,MU2B4,150,0.04375,0.0067961565,0.0175
10,bbp_only,Link,PP2B4L access link,300,0.04375,0.0033980886,0.00875
10,bbp_only,Device,PP2B4L,150,0.04375,0.0067961565,0.0175
10,bbp_only,Device,MU1B5,150,0.04375,0.0067961565,0.0175
10,bbp_only,Link,MU1B5 access link,300,0.04375,0.0033980886,0.00875
10,bbp_only,Device,PP1B5L,150,0.04375,0.0067961565,0.0175
10,bbp_only,Link,PP1B5L access link,300,0.04375,0.0033980886,0.00875
10,bbp_only,Link,MU2B5 access link,300,0.04375,0.0033980886,0.00875
10,bbp_only,Device,MU2B5,150,0.04375,0.0067961565,0.0175
10,bbp_only,Device,PP2B5L,150,0.04375,0.0067961565,0.0175
10,bbp_only,Link,PP2B5L access link,300,0.04375,0.0033980886,0.00875
10,bbp_only,Switch,SW2,50,0.5,0.23300824,0.6
10,bbp_only,Link,MU1B6 access link,300,0.04375,0.0033980886,0.00875
10,bbp_only,Trunk,Trunk SW1--SW2,300,0.125,0.0097088245,0.025
10,bbp_only,Device,MU1B6,150,0.04375,0.0067961565,0.0175
10,bbp_only,Link,PP1B6L access link,300,0.04375,0.0033980886,0.00875
10,bbp_only,Device,PP1B6L,150,0.04375,0.0067961565,0.0175
10,bbp_only,Device,MU2B6,150,0.04375,0.0067961565,0.0175
10,bbp_only,Link,MU2B6 access link,300,0.04375,0.0033980886,0.00875
10,bbp_only,Device,PP2B6L,150,0.04375,0.0067961565,0.0175
10,bbp_only,Link,PP2B6L access link,300,0.04375,0.0033980886,0.00875
10,bbp_only,Link,MU1B7 access link,300,0.04375,0.0033980886,0.00875
10,bbp_only,Device,MU1B7,150,0.04375,0.0067961565,0.0175
10,bbp_only,Link,PP1B7L access link,300,0.04375,0.0033980886,0.00875
10,bbp_only,Device,PP1B7L,150,0.04375,0.0067961565,0.0175
10,bbp_only,Device,MU2B7,150,0.04375,0.0067961565,0.0175
10,bbp_only,Link,MU2B7 access link,300,0.04375,0.0033980886,0.00875
10,bbp_only,Link,PP2B7L access link,300,0.04375,0.0033980886,0.00875
10,bbp_only,Device,PP2B7L,150,0.04375,0.0067961565,0.0175
10,bbp_only,Device,MU1B8,150,0.04375,0.0067961565,0.0175
10,bbp_only,Link,MU1B8 access link,300,0.04375,0.0033980886,0.00875
10,bbp_only,Device,PP1B8L,150,0.04375,0.0067961565,0.0175
10,bbp_only,Link,PP1B8L access link,300,0.04375,0.0033980886,0.00875
10,bbp_only,Device,MU2B8,150,0.04375,0.0067961565,0.0175
10,bbp_only,Link,MU2B8 access link,300,0.04375,0.0033980886,0.00875
10,bbp_only,Link,PP2B8L access link,300,0.04375,0.0033980886,0.00875
10,bbp_only,Device,PP2B8L,150,0.04375,0.0067961565,0.0175
10,bbp_only,Device,MU1B9,150,0.04375,0.0067961565,0.0175
10,bbp_only,Link,MU1B9 access link,300,0.04375,0.0033980886,0.00875
10,bbp_only,Device,PP1B9L,150,0.04375,0.0067961565,0.0175
10,bbp_only,Link,PP1B9L access link,300,0.04375,0.0033980886,0.00875
10,bbp_only,Link,MU2B9 access link,300,0.04375,0.0033980886,0.00875
10,bbp_only,Device,MU2B9,150,0.04375,0.0067961565,0.0175
10,bbp_only,Device,PP2B9L,150,0.04375,0.0067961565,0.0175
10,bbp_only,Link,PP2B9L access link,300,0.04375,0.0033980886,0.00875
10,bbp_only,Link,MU1B10 access link,300,0.04375,0.0033980886,0.00875
10,bbp_only,Device,MU1B10,150,0.04375,0.0067961565,0.0175
10,bbp_only,Device,PP1B10L,150,0.04375,0.0067961565,0.0175
10,bbp_only,Link,PP1B10L access link,300,0.04375,0.0033980886,0.00875
10,bbp_only,Link,MU2B10 access link,300,0.04375,0.0033980886,0.00875
10,bbp_only,Device,MU2B10,150,0.04375,0.0067961565,0.0175
10,bbp_only,Device,PP2B10L,150,0.04375,0.0067961565,0.0175
10,bbp_only,Link,PP2B10L access link,300,0.04375,0.0033980886,0.00875
