N_Bays,Scenario,Flows,Timing_OK,Exposure,Exposure_Node,Down_min_yr_Single_8h,A_F_Single_8h,Down_min_yr_PRP_8h,A_F_PRP_8h,Down_min_yr_Single_24h,A_F_Single_24h,Down_min_yr_PRP_24h,A_F_PRP_24h,Down_min_yr_Single_72h,A_F_Single_72h,Down_min_yr_PRP_72h,A_F_PRP_72h
1,base,16,1,1,SW1,19.199537,0.99996347,6.4002533,0.99998782,57.595836,0.99989042,19.202279,0.99996347,172.76253,0.9996713,57.620504,0.99989037
2,base,32,1,1,SW1,19.199537,0.99996347,6.4002533,0.99998782,57.595836,0.99989042,19.202279,0.99996347,172.76253,0.9996713,57.620504,0.99989037
3,base,48,1,1,SW1,19.199537,0.99996347,6.4002533,0.99998782,57.595836,0.99989042,19.202279,0.99996347,172.76253,0.9996713,57.620504,0.99989037
4,base,64,1,1,SW1,19.199537,0.99996347,6.4002533,0.99998782,57.595836,0.99989042,19.202279,0.99996347,172.76253,0.9996713,57.620504,0.99989037
5,base,80,1,1,SW1,19.199537,0.99996347,6.4002533,0.99998782,57.595836,0.99989042,19.202279,0.99996347,172.76253,0.9996713,57.620504,0.99989037
6,base,96,1,0.625,SW1,20.59946,0.99996081,6.4003513,0.99998782,61.79514,0.99988243,19.203161,0.99996346,185.35627,0.99964734,57.628438,0.99989036
7,base,112,1,0.57142857,SW1,20.799449,0.99996043,6.4003653,0.99998782,62.395041,0.99988129,19.203287,0.99996346,187.15537,0.99964392,57.629571,0.99989035
8,base,128,0.875,0.625,SW1,20.59946,0.87496671,6.4003513,0.87498934,61.79514,0.87490012,19.203161,0.87496803,185.35627,0.87470041,57.628438,0.87490407
9,base,144,0.875,0.58333333,SW1,20.755007,0.87496656,6.4003622,0.87498934,62.261729,0.87489968,19.203259,0.87496803,186.75557,0.87469908,57.629319,0.87490407
10,base,160,0.875,0.625,SW1,20.59946,0.87496671,6.4003513,0.87498934,61.79514,0.87490012,19.203161,0.87496803,185.35627,0.87470041,57.628438,0.87490407
1,bbp_only,16,1,1,SW1,19.199537,0.99996347,6.4002533,0.99998782,57.595836,0.99989042,19.202279,0.99996347,172.76253,0.9996713,57.620504,0.99989037
2,bbp_only,32,1,1,SW1,19.199537,0.99996347,6.4002533,0.99998782,57.595836,0.99989042,19.202279,0.99996347,172.76253,0.9996713,57.620504,0.99989037
3,bbp_only,48,1,1,SW1,19.199537,0.99996347,6.4002533,0.99998782,57.595836,0.99989042,19.202279,0.99996347,172.76253,0.9996713,57.620504,0.99989037
4,bbp_only,64,1,1,SW1,19.199537,0.99996347,6.4002533,0.99998782,57.595836,0.99989042,19.202279,0.99996347,172.76253,0.9996713,57.620504,0.99989037
5,bbp_only,80,1,1,SW1,19.199537,0.99996347,6.4002533,0.99998782,57.595836,0.99989042,19.202279,0.99996347,172.76253,0.9996713,57.620504,0.99989037
6,bbp_only,96,1,0.625,SW1,20.59946,0.99996081,6.4003513,0.99998782,61.79514,0.99988243,19.203161,0.99996346,185.35627,0.99964734,57.628438,0.99989036
7,bbp_only,112,1,0.57142857,SW1,20.799449,0.99996043,6.4003653,0.99998782,62.395041,0.99988129,19.203287,0.99996346,187.15537,0.99964392,57.629571,0.99989035
8,bbp_only,128,1,0.625,SW1,20.59946,0.99996081,6.4003513,0.99998782,61.79514,0.99988243,19.203161,0.99996346,185.35627,0.99964734,57.628438,0.99989036
9,bbp_only,144,1,0.58333333,SW1,20.755007,0.99996051,6.4003622,0.99998782,62.261729,0.99988154,19.203259,0.99996346,186.75557,0.99964468,57.629319,0.99989036
10,bbp_only,160,1,0.625,SW1,20.59946,0.99996081,6.4003513,0.99998782,61.79514,0.99988243,19.203161,0.99996346,185.35627,0.99964734,57.628438,0.99989036
