Scenario,N_Bays,Snapshot,Rho_BBP,NC_bound_us,hop_publisher link_us,hop_fabric SW1_us,hop_BBP egress_us,hop_fabric SW2_us,hop_trunk SW2->SW1_us
base,1,steady,0.130,250.286,116.960,46.497,86.829,,
base,1,burst,0.137,253.043,116.960,47.233,88.850,,
base,2,steady,0.260,380.131,116.960,86.995,176.176,,
base,2,burst,0.275,388.233,116.960,88.736,182.537,,
base,3,steady,0.389,520.500,116.960,127.495,276.045,,
base,3,burst,0.412,537.044,116.960,130.577,289.507,,
base,4,steady,0.519,671.395,116.960,167.997,386.439,,
base,4,burst,0.550,699.938,116.960,172.758,410.219,,
base,5,steady,0.649,832.818,116.960,208.500,507.358,,
base,5,burst,0.687,877.396,116.960,215.285,545.151,,
base,6,steady,0.779,2285.057,116.960,308.436,1199.474,127.495,532.693
base,6,burst,0.825,2476.207,116.960,329.774,1346.742,130.577,552.155
base,7,steady,0.909,3094.727,116.960,389.344,1689.053,167.997,731.374
base,7,burst,0.962,3412.509,116.960,421.187,1935.610,172.758,765.994
base,8,steady,1.039,inf,116.960,464.420,inf,167.997,731.374
base,8,burst,1.099,inf,116.960,505.382,inf,172.758,765.994
base,9,steady,1.168,inf,116.960,566.359,inf,208.500,940.619
base,9,burst,1.237,inf,116.960,623.577,inf,215.285,995.569
base,10,steady,1.298,inf,116.960,651.042,inf,208.500,940.619
base,10,burst,1.374,inf,116.960,720.882,inf,215.285,995.569
upgraded,1,steady,0.013,172.139,116.960,46.497,8.682,,
upgraded,1,burst,0.014,173.017,116.960,47.233,8.824,,
upgraded,2,steady,0.026,221.571,116.960,86.995,17.616,,
upgraded,2,burst,0.027,223.698,116.960,88.736,18.002,,
upgraded,3,steady,0.039,272.056,116.960,127.495,27.602,,
upgraded,3,burst,0.041,275.888,116.960,130.577,28.351,,
upgraded,4,steady,0.052,323.595,116.960,167.997,38.639,,
upgraded,4,burst,0.055,329.608,116.960,172.758,39.889,,
upgraded,5,steady,0.065,376.188,116.960,208.500,50.728,,
upgraded,5,burst,0.069,384.877,116.960,215.285,52.633,,
upgraded,6,steady,0.078,599.342,116.960,225.512,76.119,127.495,53.257
upgraded,6,burst,0.082,615.995,116.960,234.462,79.931,130.577,54.065
upgraded,7,steady,0.091,718.459,116.960,262.839,97.549,167.997,73.114
upgraded,7,burst,0.096,741.819,116.960,274.513,103.118,172.758,74.470
upgraded,8,steady,0.104,787.224,116.960,312.613,116.541,167.997,73.114
upgraded,8,burst,0.110,816.110,116.960,328.162,123.759,172.758,74.470
upgraded,9,steady,0.117,917.449,116.960,354.846,143.119,208.500,94.025
upgraded,9,burst,0.124,955.552,116.960,374.247,152.965,215.285,96.095
upgraded,10,steady,0.130,992.170,116.960,406.984,165.702,208.500,94.025
upgraded,10,burst,0.137,1037.630,116.960,431.376,177.914,215.285,96.095
